Country;Response_measure;date_start;date_end
Austria;AdaptationOfWorkplace;16/03/2020;13/04/2020
Austria;BanOnAllEvents;03/11/2020;NA
Austria;ClosDaycare;16/03/2020;04/05/2020
Austria;ClosDaycarePartial;17/11/2020;07/12/2020
Austria;ClosHigh;16/03/2020;30/09/2020
Austria;ClosHighPartial;03/11/2020;NA
Austria;ClosPrim;16/03/2020;18/05/2020
Austria;ClosPrim;26/12/2020;07/02/2021
Austria;ClosPrimPartial;17/11/2020;07/12/2020
Austria;ClosPubAny;16/03/2020;13/04/2020
Austria;ClosPubAny;02/05/2020;14/05/2020
Austria;ClosPubAny;16/11/2020;06/12/2020
Austria;ClosPubAny;28/12/2020;06/02/2021
Austria;ClosPubAnyPartial;14/04/2020;01/05/2020
Austria;ClosPubAnyPartial;15/05/2020;15/11/2020
Austria;ClosPubAnyPartial;07/12/2020;27/12/2020
Austria;ClosPubAnyPartial;07/02/2021;NA
Austria;ClosSec;16/03/2020;03/05/2020
Austria;ClosSec;03/11/2020;07/02/2021
Austria;ClosSecPartial;04/05/2020;03/06/2020
Austria;ClosSecPartial;08/02/2021;NA
Austria;EntertainmentVenues;16/03/2020;30/04/2020
Austria;EntertainmentVenues;03/11/2020;07/02/2021
Austria;EntertainmentVenuesPartial;08/02/2021;NA
Austria;GymsSportsCentres;03/11/2020;NA
Austria;HotelsOtherAccommodation;31/03/2020;29/05/2020
Austria;HotelsOtherAccommodation;03/11/2020;NA
Austria;IndoorOver100;10/03/2020;01/07/2020
Austria;IndoorOver1000;02/07/2020;31/07/2020
Austria;IndoorOver1000;21/09/2020;02/11/2020
Austria;MasksMandatoryAllSpaces;14/09/2020;NA
Austria;MasksMandatoryClosedSpaces;06/04/2020;14/06/2020
Austria;MasksMandatoryClosedSpacesPartial;15/06/2020;13/09/2020
Austria;MasksVoluntaryClosedSpacesPartial;31/03/2020;05/04/2020
Austria;MassGather50;30/04/2020;29/05/2020
Austria;MassGather50;03/11/2020;NA
Austria;MassGatherAll;10/03/2020;31/07/2020
Austria;MassGatherAll;21/09/2020;NA
Austria;NonEssentialShops;16/03/2020;13/04/2020
Austria;NonEssentialShops;17/11/2020;06/12/2020
Austria;NonEssentialShops;26/12/2020;07/02/2021
Austria;NonEssentialShopsPartial;14/04/2020;01/05/2020
Austria;NonEssentialShopsPartial;08/02/2021;NA
Austria;OutdoorOver1000;02/07/2020;31/07/2020
Austria;OutdoorOver1000;21/09/2020;02/11/2020
Austria;OutdoorOver50;30/04/2020;29/05/2020
Austria;OutdoorOver500;10/03/2020;29/04/2020
Austria;OutdoorOver500;30/05/2020;01/07/2020
Austria;PlaceOfWorship;16/03/2020;14/05/2020
Austria;PlaceOfWorship;16/11/2020;06/12/2020
Austria;PlaceOfWorship;28/12/2020;06/02/2021
Austria;PlaceOfWorshipPartial;15/05/2020;15/11/2020
Austria;PlaceOfWorshipPartial;07/12/2020;27/12/2020
Austria;PlaceOfWorshipPartial;07/02/2021;NA
Austria;PrivateGatheringRestrictions;16/03/2020;30/04/2020
Austria;PrivateGatheringRestrictions;23/10/2020;16/11/2020
Austria;RestaurantsCafes;16/03/2020;15/05/2020
Austria;RestaurantsCafes;03/11/2020;NA
Austria;SocialCircle;17/11/2020;NA
Austria;StayHomeGen;10/03/2020;15/03/2020
Austria;StayHomeOrder;16/03/2020;30/04/2020
Austria;StayHomeOrder;17/11/2020;07/02/2021
Austria;StayHomeOrderPartial;03/11/2020;16/11/2020
Austria;StayHomeOrderPartial;08/02/2021;NA
Austria;Teleworking;10/03/2020;NA
Belgium;BanOnAllEvents;02/11/2020;07/03/2021
Belgium;ClosDaycare;01/05/2020;02/06/2020
Belgium;ClosDaycare;12/11/2020;15/11/2020
Belgium;ClosHigh;13/03/2020;NA
Belgium;ClosPrim;13/03/2020;17/05/2020
Belgium;ClosPrim;12/11/2020;16/11/2020
Belgium;ClosPrimPartial;18/05/2020;08/06/2020
Belgium;ClosPubAny;13/03/2020;03/05/2020
Belgium;ClosPubAny;02/11/2020;30/11/2020
Belgium;ClosPubAnyPartial;04/05/2020;01/11/2020
Belgium;ClosPubAnyPartial;01/12/2020;NA
Belgium;ClosSec;13/03/2020;17/05/2020
Belgium;ClosSec;12/11/2020;15/11/2020
Belgium;ClosSecPartial;18/05/2020;28/08/2020
Belgium;EntertainmentVenues;13/03/2020;17/05/2020
Belgium;EntertainmentVenues;02/11/2020;NA
Belgium;EntertainmentVenuesPartial;18/05/2020;01/11/2020
Belgium;GymsSportsCentres;13/03/2020;03/05/2020
Belgium;GymsSportsCentres;02/11/2020;NA
Belgium;GymsSportsCentresPartial;04/05/2020;01/07/2020
Belgium;IndoorOver1000;10/03/2020;17/03/2020
Belgium;IndoorOver50;19/10/2020;01/11/2020
Belgium;IndoorOver500;01/07/2020;18/10/2020
Belgium;MasksMandatoryAllSpaces;11/07/2020;30/09/2020
Belgium;MasksMandatoryAllSpacesPartial;01/10/2020;NA
Belgium;MasksMandatoryClosedSpaces;04/05/2020;NA
Belgium;MasksVoluntaryAllSpaces;04/05/2020;10/07/2020
Belgium;MassGather50;19/10/2020;NA
Belgium;MassGatherAll;10/03/2020;17/03/2020
Belgium;MassGatherAll;01/07/2020;NA
Belgium;NonEssentialShops;13/03/2020;03/05/2020
Belgium;NonEssentialShops;02/11/2020;30/11/2020
Belgium;NonEssentialShopsPartial;04/05/2020;02/06/2020
Belgium;NonEssentialShopsPartial;19/10/2020;01/11/2020
Belgium;NonEssentialShopsPartial;01/12/2020;NA
Belgium;OutdoorOver50;08/03/2021;NA
Belgium;OutdoorOver500;01/07/2020;18/10/2020
Belgium;PlaceOfWorship;13/03/2020;07/06/2020
Belgium;PlaceOfWorshipPartial;08/06/2020;05/10/2020
Belgium;PrivateGatheringRestrictions;18/03/2020;30/06/2020
Belgium;PrivateGatheringRestrictions;09/10/2020;NA
Belgium;RestaurantsCafes;13/03/2020;08/06/2020
Belgium;RestaurantsCafes;19/10/2020;NA
Belgium;RestaurantsCafesPartial;09/10/2020;18/10/2020
Belgium;SocialCircle;18/03/2020;NA
Belgium;StayHomeGenPartial;10/05/2020;31/08/2020
Belgium;StayHomeOrder;18/03/2020;09/05/2020
Belgium;StayHomeOrderPartial;16/10/2020;NA
Belgium;Teleworking;10/03/2020;07/06/2020
Belgium;Teleworking;19/10/2020;NA
Belgium;TeleworkingPartial;08/06/2020;18/10/2020
Bulgaria;AdaptationOfWorkplace;01/10/2020;NA
Bulgaria;BanOnAllEvents;08/03/2020;14/05/2020
Bulgaria;BanOnAllEventsPartial;15/05/2020;30/06/2020
Bulgaria;ClosDaycare;13/03/2020;21/05/2020
Bulgaria;ClosDaycare;27/11/2020;03/01/2021
Bulgaria;ClosDaycarePartial;22/05/2020;14/06/2020
Bulgaria;ClosHigh;13/03/2020;31/05/2020
Bulgaria;ClosHighPartial;01/06/2020;NA
Bulgaria;ClosPrim;13/03/2020;14/09/2020
Bulgaria;ClosPrim;27/11/2020;03/01/2021
Bulgaria;ClosPubAny;13/03/2020;17/05/2020
Bulgaria;ClosPubAnyPartial;18/05/2020;14/06/2020
Bulgaria;ClosPubAnyPartial;29/10/2020;NA
Bulgaria;ClosSec;13/03/2020;14/09/2020
Bulgaria;ClosSec;01/12/2020;03/02/2021
Bulgaria;ClosSecPartial;29/10/2020;30/11/2020
Bulgaria;ClosSecPartial;04/02/2021;NA
Bulgaria;EntertainmentVenues;13/03/2020;17/05/2020
Bulgaria;EntertainmentVenuesPartial;14/11/2020;NA
Bulgaria;GymsSportsCentres;13/03/2020;17/05/2020
Bulgaria;GymsSportsCentresPartial;18/05/2020;14/06/2020
Bulgaria;GymsSportsCentresPartial;27/11/2020;NA
Bulgaria;MasksMandatoryAllSpaces;30/03/2020;31/03/2020
Bulgaria;MasksMandatoryAllSpaces;12/04/2020;30/04/2020
Bulgaria;MasksMandatoryClosedSpaces;01/05/2020;NA
Bulgaria;MassGather50;08/03/2020;14/05/2020
Bulgaria;MassGather50Partial;15/05/2020;30/06/2020
Bulgaria;MassGatherAll;08/03/2020;12/03/2020
Bulgaria;MassGatherAllPartial;13/03/2020;30/06/2020
Bulgaria;NonEssentialShops;13/03/2020;17/05/2020
Bulgaria;NonEssentialShops;27/11/2020;31/01/2021
Bulgaria;PrivateGatheringRestrictions;08/03/2020;30/06/2020
Bulgaria;PrivateGatheringRestrictions;27/11/2020;NA
Bulgaria;RestaurantsCafes;13/03/2020;31/05/2020
Bulgaria;RestaurantsCafes;01/12/2020;28/02/2021
Bulgaria;RestaurantsCafesPartial;29/10/2020;30/11/2020
Bulgaria;RestaurantsCafesPartial;01/03/2021;NA
Bulgaria;Teleworking;13/03/2020;29/03/2020
Bulgaria;Teleworking;14/11/2020;26/11/2020
Bulgaria;TeleworkingPartial;27/11/2020;NA
Croatia;AdaptationOfWorkplacePartial;28/11/2020;NA
Croatia;BanOnAllEvents;19/03/2020;18/04/2020
Croatia;ClosDaycare;16/03/2020;11/05/2020
Croatia;ClosHigh;16/03/2020;29/03/2020
Croatia;ClosPrim;16/03/2020;10/05/2020
Croatia;ClosPrimPartial;11/05/2020;25/05/2020
Croatia;ClosPubAny;19/03/2020;28/05/2020
Croatia;ClosPubAnyPartial;14/08/2020;22/09/2020
Croatia;ClosPubAnyPartial;28/11/2020;NA
Croatia;ClosSec;16/03/2020;29/03/2020
Croatia;ClosureOfPublicTransport;22/03/2020;27/04/2020
Croatia;EntertainmentVenues;19/03/2020;28/05/2020
Croatia;GymsSportsCentres;19/03/2020;11/05/2020
Croatia;GymsSportsCentres;28/11/2020;NA
Croatia;IndoorOver50;13/07/2020;NA
Croatia;MasksMandatoryAllSpaces;28/10/2020;NA
Croatia;MasksMandatoryAllSpacesPartial;28/02/2020;27/10/2020
Croatia;MasksMandatoryClosedSpacesPartial;25/06/2020;NA
Croatia;MassGather50;19/03/2020;18/04/2020
Croatia;MassGather50;18/05/2020;27/05/2020
Croatia;MassGather50;13/07/2020;NA
Croatia;MassGatherAll;19/03/2020;18/04/2020
Croatia;MassGatherAll;18/05/2020;27/05/2020
Croatia;MassGatherAll;13/07/2020;NA
Croatia;NonEssentialShops;19/03/2020;27/04/2020
Croatia;OutdoorOver50;18/05/2020;27/05/2020
Croatia;OutdoorOver50;28/11/2020;NA
Croatia;PrivateGatheringRestrictions;19/03/2020;17/05/2020
Croatia;PrivateGatheringRestrictions;13/07/2020;NA
Croatia;RestaurantsCafes;19/03/2020;11/05/2020
Croatia;RestaurantsCafesPartial;14/08/2020;22/09/2020
Croatia;RestaurantsCafesPartial;28/11/2020;NA
Croatia;StayHomeGen;17/03/2020;05/05/2020
Croatia;StayHomeRiskG;03/03/2020;NA
Croatia;Teleworking;19/03/2020;27/05/2020
Croatia;TeleworkingPartial;28/11/2020;NA
Cyprus;BanOnAllEvents;10/03/2020;24/06/2020
Cyprus;BanOnAllEventsPartial;05/11/2020;NA
Cyprus;ClosDaycare;10/03/2020;09/06/2020
Cyprus;ClosHigh;10/03/2020;11/05/2020
Cyprus;ClosHigh;14/12/2020;NA
Cyprus;ClosPrim;10/03/2020;21/05/2020
Cyprus;ClosPrim;10/01/2021;07/02/2021
Cyprus;ClosPubAny;13/03/2020;03/05/2020
Cyprus;ClosPubAnyPartial;04/05/2020;29/06/2020
Cyprus;ClosPubAnyPartial;05/11/2020;NA
Cyprus;ClosSec;10/03/2020;10/05/2020
Cyprus;ClosSec;14/12/2020;07/02/2021
Cyprus;ClosSecPartial;11/05/2020;21/05/2020
Cyprus;ClosSecPartial;08/02/2021;NA
Cyprus;EntertainmentVenues;16/03/2020;20/05/2020
Cyprus;EntertainmentVenues;11/12/2020;07/02/2021
Cyprus;EntertainmentVenuesPartial;21/05/2020;29/06/2020
Cyprus;EntertainmentVenuesPartial;08/02/2021;NA
Cyprus;GymsSportsCentres;13/03/2020;03/05/2020
Cyprus;GymsSportsCentresPartial;04/05/2020;13/06/2020
Cyprus;HotelsOtherAccommodation;16/03/2020;03/05/2020
Cyprus;HotelsOtherAccommodationPartial;04/05/2020;09/06/2020
Cyprus;IndoorOver100;12/07/2020;04/11/2020
Cyprus;IndoorOver50;25/06/2020;11/07/2020
Cyprus;MasksMandatoryAllSpaces;05/11/2020;NA
Cyprus;MasksMandatoryClosedSpaces;04/05/2020;04/11/2020
Cyprus;MassGather50;10/03/2020;11/07/2020
Cyprus;MassGather50Partial;05/11/2020;NA
Cyprus;MassGatherAll;10/03/2020;04/11/2020
Cyprus;MassGatherAllPartial;05/11/2020;NA
Cyprus;NonEssentialShops;16/03/2020;03/05/2020
Cyprus;NonEssentialShopsPartial;04/05/2020;09/06/2020
Cyprus;NonEssentialShopsPartial;11/12/2020;07/02/2021
Cyprus;OutdoorOver100;12/07/2020;04/11/2020
Cyprus;OutdoorOver50;25/06/2020;11/07/2020
Cyprus;PlaceOfWorship;16/03/2020;03/05/2020
Cyprus;PlaceOfWorshipPartial;04/05/2020;01/06/2020
Cyprus;PlaceOfWorshipPartial;08/02/2021;NA
Cyprus;PrivateGatheringRestrictions;31/03/2020;03/05/2020
Cyprus;PrivateGatheringRestrictions;05/11/2020;07/02/2021
Cyprus;PrivateGatheringRestrictionsPartial;08/02/2021;NA
Cyprus;RestaurantsCafes;16/03/2020;20/05/2020
Cyprus;RestaurantsCafes;11/12/2020;NA
Cyprus;RestaurantsCafesPartial;21/05/2020;09/06/2020
Cyprus;RestaurantsCafesPartial;05/11/2020;10/12/2020
Cyprus;StayHomeOrder;24/03/2020;03/05/2020
Cyprus;StayHomeOrder;10/01/2021;NA
Cyprus;StayHomeOrderPartial;04/05/2020;21/05/2020
Cyprus;StayHomeOrderPartial;05/11/2020;09/01/2021
Cyprus;TeleworkingPartial;21/01/2021;NA
Cyprus;WorkplaceClosures;16/03/2020;14/04/2020
Cyprus;WorkplaceClosuresPartial;15/04/2020;29/06/2020
Czechia;AdaptationOfWorkplace;24/03/2020;11/05/2020
Czechia;AdaptationOfWorkplace;27/12/2020;NA
Czechia;BanOnAllEvents;22/10/2020;03/12/2020
Czechia;BanOnAllEvents;18/12/2020;NA
Czechia;ClosDaycare;11/03/2020;11/05/2020
Czechia;ClosDaycare;01/03/2021;NA
Czechia;ClosHigh;11/03/2020;10/05/2020
Czechia;ClosHigh;14/10/2020;NA
Czechia;ClosHighPartial;11/05/2020;31/08/2020
Czechia;ClosPrim;11/03/2020;10/05/2020
Czechia;ClosPrim;14/10/2020;17/11/2020
Czechia;ClosPrim;21/12/2020;NA
Czechia;ClosPrimPartial;11/05/2020;31/08/2020
Czechia;ClosPrimPartial;18/11/2020;29/11/2020
Czechia;ClosPubAny;17/03/2020;23/04/2020
Czechia;ClosPubAny;14/10/2020;17/11/2020
Czechia;ClosPubAnyPartial;10/03/2020;16/03/2020
Czechia;ClosPubAnyPartial;24/04/2020;13/10/2020
Czechia;ClosPubAnyPartial;18/11/2020;NA
Czechia;ClosSec;11/03/2020;07/06/2020
Czechia;ClosSec;14/10/2020;06/12/2020
Czechia;ClosSec;21/12/2020;NA
Czechia;ClosSecPartial;08/06/2020;31/08/2020
Czechia;ClosSecPartial;07/12/2020;20/12/2020
Czechia;EntertainmentVenues;17/03/2020;10/05/2020
Czechia;EntertainmentVenues;14/10/2020;02/12/2020
Czechia;EntertainmentVenues;18/12/2020;NA
Czechia;EntertainmentVenuesPartial;13/03/2020;16/03/2020
Czechia;EntertainmentVenuesPartial;11/05/2020;31/08/2020
Czechia;EntertainmentVenuesPartial;05/10/2020;13/10/2020
Czechia;EntertainmentVenuesPartial;03/12/2020;17/12/2020
Czechia;GymsSportsCentres;13/03/2020;26/04/2020
Czechia;GymsSportsCentres;14/10/2020;02/12/2020
Czechia;GymsSportsCentres;18/12/2020;NA
Czechia;GymsSportsCentresPartial;27/04/2020;13/10/2020
Czechia;GymsSportsCentresPartial;03/12/2020;17/12/2020
Czechia;HotelsOtherAccommodation;16/03/2020;25/05/2020
Czechia;HotelsOtherAccommodation;22/10/2020;03/12/2020
Czechia;HotelsOtherAccommodation;18/12/2020;NA
Czechia;IndoorOver100;04/03/2020;12/03/2020
Czechia;IndoorOver100;11/05/2020;25/05/2020
Czechia;IndoorOver1000;22/06/2020;31/08/2020
Czechia;IndoorOver500;26/05/2020;21/06/2020
Czechia;IndoorOver500;01/09/2020;05/10/2020
Czechia;MasksMandatoryAllSpaces;19/03/2020;24/07/2020
Czechia;MasksMandatoryAllSpaces;01/09/2020;NA
Czechia;MasksMandatoryAllSpacesPartial;25/07/2020;31/08/2020
Czechia;MassGather50;22/10/2020;NA
Czechia;MassGatherAll;04/03/2020;12/03/2020
Czechia;MassGatherAll;11/05/2020;05/10/2020
Czechia;MassGatherAll;22/10/2020;NA
Czechia;NonEssentialShops;14/03/2020;11/05/2020
Czechia;NonEssentialShops;22/10/2020;02/12/2020
Czechia;NonEssentialShops;27/12/2020;NA
Czechia;NonEssentialShopsPartial;03/12/2020;26/12/2020
Czechia;OutdoorOver100;11/05/2020;25/05/2020
Czechia;OutdoorOver1000;22/06/2020;05/10/2020
Czechia;OutdoorOver50;04/12/2020;17/12/2020
Czechia;OutdoorOver500;26/05/2020;21/06/2020
Czechia;PlaceOfWorship;16/03/2020;23/04/2020
Czechia;PlaceOfWorship;14/10/2020;17/11/2020
Czechia;PlaceOfWorshipPartial;10/03/2020;15/03/2020
Czechia;PlaceOfWorshipPartial;24/04/2020;13/10/2020
Czechia;PlaceOfWorshipPartial;18/11/2020;NA
Czechia;PrivateGatheringRestrictions;12/03/2020;11/05/2020
Czechia;PrivateGatheringRestrictions;05/10/2020;02/12/2020
Czechia;PrivateGatheringRestrictions;27/12/2020;NA
Czechia;PrivateGatheringRestrictionsPartial;03/12/2020;26/12/2020
Czechia;RestaurantsCafes;14/03/2020;10/05/2020
Czechia;RestaurantsCafes;14/10/2020;02/12/2020
Czechia;RestaurantsCafes;18/12/2020;NA
Czechia;RestaurantsCafesPartial;11/05/2020;08/06/2020
Czechia;RestaurantsCafesPartial;03/12/2020;17/12/2020
Czechia;SocialCircle;30/01/2021;NA
Czechia;StayHomeOrder;16/03/2020;24/04/2020
Czechia;StayHomeOrder;22/10/2020;03/12/2020
Czechia;StayHomeOrder;18/12/2020;NA
Czechia;Teleworking;22/10/2020;NA
Denmark;AdaptationOfWorkplace;08/05/2020;19/05/2020
Denmark;AdaptationOfWorkplacePartial;20/05/2020;NA
Denmark;BanOnAllEvents;26/10/2020;NA
Denmark;ClosDaycare;16/03/2020;15/04/2020
Denmark;ClosHigh;16/03/2020;31/07/2020
Denmark;ClosHigh;16/12/2020;28/02/2021
Denmark;ClosPrim;16/03/2020;15/04/2020
Denmark;ClosPrim;21/12/2020;03/01/2021
Denmark;ClosPrim;05/01/2021;07/02/2021
Denmark;ClosPubAny;28/04/2020;17/05/2020
Denmark;ClosPubAny;16/12/2020;NA
Denmark;ClosPubAnyPartial;11/03/2020;27/04/2020
Denmark;ClosPubAnyPartial;18/05/2020;15/12/2020
Denmark;ClosSec;16/03/2020;18/05/2020
Denmark;ClosSec;16/12/2020;28/02/2021
Denmark;EntertainmentVenues;18/03/2020;08/06/2020
Denmark;EntertainmentVenues;16/12/2020;NA
Denmark;GymsSportsCentres;18/03/2020;08/06/2020
Denmark;GymsSportsCentres;16/12/2020;NA
Denmark;IndoorOver50;18/03/2020;14/06/2020
Denmark;IndoorOver500;15/06/2020;31/08/2020
Denmark;MasksMandatoryClosedSpaces;22/08/2020;NA
Denmark;MasksVoluntaryAllSpacesPartial;09/07/2020;NA
Denmark;MassGather50;18/03/2020;14/06/2020
Denmark;MassGather50;26/10/2020;NA
Denmark;MassGatherAll;18/03/2020;14/06/2020
Denmark;MassGatherAllPartial;15/06/2020;NA
Denmark;NonEssentialShops;28/04/2020;10/05/2020
Denmark;NonEssentialShops;16/12/2020;28/02/2021
Denmark;NonEssentialShopsPartial;11/03/2020;27/04/2020
Denmark;OutdoorOver100;05/09/2020;25/10/2020
Denmark;OutdoorOver1000;15/06/2020;04/09/2020
Denmark;OutdoorOver500;21/04/2020;14/06/2020
Denmark;PlaceOfWorship;18/03/2020;18/05/2020
Denmark;PrivateGatheringRestrictions;18/03/2020;14/06/2020
Denmark;PrivateGatheringRestrictions;26/10/2020;NA
Denmark;RestaurantsCafes;18/03/2020;17/05/2020
Denmark;RestaurantsCafes;16/12/2020;NA
Denmark;RestaurantsCafesPartial;18/05/2020;15/12/2020
Denmark;SocialCircle;06/01/2021;28/02/2021
Denmark;StayHomeRiskG;14/03/2020;NA
Denmark;Teleworking;13/03/2020;14/06/2020
Denmark;Teleworking;16/12/2020;NA
Denmark;TeleworkingPartial;15/06/2020;15/12/2020
Denmark;WorkplaceClosures;13/03/2020;10/05/2020
Estonia;AdaptationOfWorkplacePartial;16/03/2020;NA
Estonia;BanOnAllEventsPartial;03/03/2021;NA
Estonia;ClosDaycarePartial;11/03/2021;NA
Estonia;ClosHigh;16/03/2020;17/05/2020
Estonia;ClosHigh;14/12/2020;31/12/2020
Estonia;ClosHigh;01/03/2021;NA
Estonia;ClosPrim;16/03/2020;17/05/2020
Estonia;ClosPrim;14/12/2020;31/12/2020
Estonia;ClosPrim;11/03/2021;NA
Estonia;ClosPubAny;12/03/2020;16/05/2020
Estonia;ClosPubAnyPartial;17/05/2020;01/07/2020
Estonia;ClosPubAnyPartial;19/08/2020;NA
Estonia;ClosSec;16/03/2020;17/05/2020
Estonia;ClosSec;14/12/2020;10/01/2021
Estonia;ClosSec;01/03/2021;NA
Estonia;EntertainmentVenues;12/03/2020;16/05/2020
Estonia;EntertainmentVenues;03/03/2021;NA
Estonia;EntertainmentVenuesPartial;17/05/2020;01/07/2020
Estonia;EntertainmentVenuesPartial;16/11/2020;02/03/2021
Estonia;GymsSportsCentres;16/03/2020;17/05/2020
Estonia;GymsSportsCentres;11/03/2021;NA
Estonia;GymsSportsCentresPartial;19/08/2020;NA
Estonia;IndoorOver100;01/06/2020;14/07/2020
Estonia;IndoorOver1000;15/07/2020;27/11/2020
Estonia;IndoorOver50;18/05/2020;31/05/2020
Estonia;IndoorOver500;28/11/2020;02/03/2021
Estonia;MasksMandatoryClosedSpaces;24/11/2020;NA
Estonia;MasksVoluntaryAllSpaces;12/03/2020;16/05/2020
Estonia;MasksVoluntaryAllSpacesPartial;17/05/2020;31/07/2020
Estonia;MasksVoluntaryClosedSpacesPartial;12/10/2020;23/11/2020
Estonia;MassGather50;18/05/2020;31/05/2020
Estonia;MassGather50Partial;03/03/2021;NA
Estonia;MassGatherAll;18/05/2020;31/05/2020
Estonia;MassGatherAll;15/07/2020;02/03/2021
Estonia;MassGatherAllPartial;01/06/2020;14/07/2020
Estonia;MassGatherAllPartial;03/03/2021;NA
Estonia;NonEssentialShops;27/03/2020;17/05/2020
Estonia;NonEssentialShops;11/03/2021;NA
Estonia;NonEssentialShopsPartial;06/03/2021;NA
Estonia;OutdoorOver100;18/05/2020;30/06/2020
Estonia;OutdoorOver1000;01/07/2020;23/11/2020
Estonia;OutdoorOver500;24/11/2020;02/03/2021
Estonia;PlaceOfWorship;12/03/2020;10/05/2020
Estonia;PlaceOfWorshipPartial;24/12/2020;NA
Estonia;PrivateGatheringRestrictions;12/03/2020;17/05/2020
Estonia;PrivateGatheringRestrictions;16/11/2020;10/01/2021
Estonia;PrivateGatheringRestrictions;01/02/2021;NA
Estonia;PrivateGatheringRestrictionsPartial;11/01/2021;31/01/2021
Estonia;PrivateGatheringRestrictionsPartial;11/03/2021;NA
Estonia;RestaurantsCafes;11/03/2021;NA
Estonia;RestaurantsCafesPartial;16/11/2020;02/03/2021
Estonia;RestaurantsCafesPartial;06/03/2021;NA
Estonia;StayHomeGen;12/03/2020;17/05/2020
Estonia;TeleworkingPartial;16/03/2020;NA
Finland;ClosHigh;18/03/2020;04/08/2020
Finland;ClosPrim;18/03/2020;14/05/2020
Finland;ClosPubAny;18/03/2020;31/05/2020
Finland;ClosPubAnyPartial;01/06/2020;NA
Finland;ClosSec;18/03/2020;04/08/2020
Finland;EntertainmentVenues;18/03/2020;31/05/2020
Finland;EntertainmentVenuesPartial;01/06/2020;NA
Finland;GymsSportsCentres;18/03/2020;01/06/2020
Finland;IndoorOver50;18/03/2020;31/07/2020
Finland;IndoorOver50;15/10/2020;NA
Finland;IndoorOver500;12/03/2020;17/03/2020
Finland;IndoorOver500;01/08/2020;14/10/2020
Finland;MasksVoluntaryClosedSpaces;18/09/2020;NA
Finland;MasksVoluntaryClosedSpacesPartial;13/08/2020;17/09/2020
Finland;MassGather50;18/03/2020;30/06/2020
Finland;MassGather50Partial;01/07/2020;31/07/2020
Finland;MassGather50Partial;15/10/2020;NA
Finland;MassGatherAll;12/03/2020;30/06/2020
Finland;MassGatherAllPartial;01/07/2020;NA
Finland;OutdoorOver50;18/03/2020;01/07/2020
Finland;OutdoorOver50;15/10/2020;NA
Finland;OutdoorOver500;12/03/2020;17/03/2020
Finland;OutdoorOver500;02/07/2020;14/10/2020
Finland;RestaurantsCafes;18/03/2020;31/05/2020
Finland;RestaurantsCafes;08/03/2021;NA
Finland;RestaurantsCafesPartial;01/06/2020;13/07/2020
Finland;RestaurantsCafesPartial;01/10/2020;07/03/2021
Finland;StayHomeRiskG;16/03/2020;22/06/2020
Finland;StayHomeRiskGPartial;23/06/2020;NA
Finland;Teleworking;18/03/2020;01/08/2020
Finland;TeleworkingPartial;13/08/2020;NA
France;BanOnAllEvents;19/10/2020;NA
France;ClosDaycare;16/03/2020;01/06/2020
France;ClosDaycarePartial;02/06/2020;22/06/2020
France;ClosHigh;27/10/2020;24/01/2021
France;ClosHighPartial;16/03/2020;22/06/2020
France;ClosHighPartial;25/01/2021;NA
France;ClosPrimPartial;16/03/2020;22/06/2020
France;ClosPubAny;16/03/2020;10/05/2020
France;ClosPubAnyPartial;11/05/2020;22/06/2020
France;ClosPubAnyPartial;28/10/2020;NA
France;ClosSec;16/03/2020;10/05/2020
France;ClosSecPartial;11/05/2020;22/06/2020
France;EntertainmentVenues;16/03/2020;01/06/2020
France;EntertainmentVenues;28/10/2020;NA
France;EntertainmentVenuesPartial;02/06/2020;22/06/2020
France;GymsSportsCentres;16/03/2020;22/06/2020
France;GymsSportsCentres;28/10/2020;NA
France;IndoorOver1000;29/02/2020;18/10/2020
France;MasksMandatoryAllSpaces;28/10/2020;NA
France;MasksMandatoryClosedSpaces;18/05/2020;NA
France;MasksVoluntaryAllSpaces;11/05/2020;25/07/2020
France;MasksVoluntaryClosedSpaces;11/05/2020;17/05/2020
France;MassGather50;19/10/2020;NA
France;MassGather50Partial;18/09/2020;18/10/2020
France;MassGatherAll;29/02/2020;17/09/2020
France;MassGatherAll;19/10/2020;NA
France;MassGatherAllPartial;18/09/2020;18/10/2020
France;NonEssentialShops;16/03/2020;10/05/2020
France;NonEssentialShops;29/10/2020;27/11/2020
France;NonEssentialShopsPartial;11/05/2020;02/06/2020
France;NonEssentialShopsPartial;28/11/2020;NA
France;OutdoorOver1000;13/03/2020;11/07/2020
France;OutdoorOver50;18/09/2020;18/10/2020
France;PlaceOfWorshipPartial;28/10/2020;NA
France;PrivateGatheringRestrictions;17/03/2020;15/06/2020
France;PrivateGatheringRestrictionsPartial;23/09/2020;28/10/2020
France;RegionalStayHomeOrderPartial;17/10/2020;28/10/2020
France;RegionalStayHomeOrderPartial;26/02/2021;NA
France;RestaurantsCafes;16/03/2020;01/06/2020
France;RestaurantsCafes;28/10/2020;NA
France;RestaurantsCafesPartial;02/06/2020;15/06/2020
France;SocialCircle;28/10/2020;NA
France;StayHomeOrder;17/03/2020;11/05/2020
France;StayHomeOrder;28/10/2020;14/12/2020
France;StayHomeOrderPartial;12/05/2020;02/06/2020
France;StayHomeOrderPartial;15/12/2020;NA
France;Teleworking;17/03/2020;10/05/2020
France;Teleworking;29/10/2020;NA
France;TeleworkingPartial;11/05/2020;28/10/2020
France;WorkplaceClosures;17/03/2020;11/05/2020
Germany;BanOnAllEvents;23/03/2020;10/05/2020
Germany;BanOnAllEvents;02/11/2020;NA
Germany;BanOnAllEventsPartial;11/05/2020;29/06/2020
Germany;ClosDaycare;13/03/2020;14/05/2020
Germany;ClosDaycarePartial;15/05/2020;01/07/2020
Germany;ClosDaycarePartial;16/12/2020;NA
Germany;ClosPrim;13/03/2020;03/05/2020
Germany;ClosPrimPartial;04/05/2020;29/06/2020
Germany;ClosPrimPartial;16/12/2020;NA
Germany;ClosPubAny;16/03/2020;04/05/2020
Germany;ClosPubAnyPartial;05/05/2020;NA
Germany;ClosSec;13/03/2020;03/05/2020
Germany;ClosSecPartial;04/05/2020;15/06/2020
Germany;ClosSecPartial;16/12/2020;NA
Germany;EntertainmentVenues;16/03/2020;04/05/2020
Germany;EntertainmentVenues;02/11/2020;07/03/2021
Germany;EntertainmentVenuesPartial;05/05/2020;01/11/2020
Germany;EntertainmentVenuesPartial;08/03/2021;NA
Germany;GymsSportsCentres;02/11/2020;07/03/2021
Germany;GymsSportsCentresPartial;08/03/2021;NA
Germany;HotelsOtherAccommodationPartial;07/10/2020;NA
Germany;IndoorOver100;30/06/2020;28/09/2020
Germany;IndoorOver1000;10/03/2020;22/03/2020
Germany;IndoorOver50;29/09/2020;01/11/2020
Germany;MasksMandatoryAllSpacesPartial;01/11/2020;NA
Germany;MasksMandatoryClosedSpaces;27/04/2020;NA
Germany;MasksVoluntaryAllSpaces;02/04/2020;27/04/2020
Germany;MassGather50;23/03/2020;10/05/2020
Germany;MassGather50;02/11/2020;NA
Germany;MassGather50Partial;11/05/2020;29/06/2020
Germany;MassGather50Partial;29/09/2020;01/11/2020
Germany;MassGatherAll;10/03/2020;10/05/2020
Germany;MassGatherAll;02/11/2020;NA
Germany;MassGatherAllPartial;11/05/2020;01/11/2020
Germany;NonEssentialShops;16/03/2020;20/04/2020
Germany;NonEssentialShops;16/12/2020;07/03/2021
Germany;NonEssentialShopsPartial;08/03/2021;NA
Germany;OutdoorOver100;30/06/2020;01/11/2020
Germany;PlaceOfWorshipPartial;16/12/2020;NA
Germany;PrivateGatheringRestrictions;02/11/2020;NA
Germany;RestaurantsCafes;23/03/2020;04/05/2020
Germany;RestaurantsCafes;02/11/2020;NA
Germany;RestaurantsCafesPartial;05/05/2020;08/06/2020
Germany;RestaurantsCafesPartial;14/10/2020;01/11/2020
Germany;SocialCirclePartial;02/08/2020;NA
Germany;StayHomeGen;17/03/2020;05/05/2020
Germany;StayHomeGenPartial;06/05/2020;29/06/2020
Germany;StayHomeOrderPartial;09/12/2020;NA
Germany;Teleworking;19/01/2021;07/03/2021
Germany;TeleworkingPartial;23/12/2020;18/01/2021
Greece;BanOnAllEvents;07/11/2020;25/01/2021
Greece;BanOnAllEventsPartial;13/07/2020;06/11/2020
Greece;ClosDaycare;11/03/2020;01/06/2020
Greece;ClosDaycare;16/11/2020;10/01/2021
Greece;ClosDaycarePartial;06/02/2021;NA
Greece;ClosHigh;03/11/2020;NA
Greece;ClosHighPartial;16/03/2020;25/05/2020
Greece;ClosPrim;11/03/2020;01/06/2020
Greece;ClosPrim;16/11/2020;10/01/2021
Greece;ClosPrimPartial;06/02/2021;NA
Greece;ClosPubAny;14/03/2020;03/05/2020
Greece;ClosPubAnyPartial;04/05/2020;NA
Greece;ClosSec;11/03/2020;10/05/2020
Greece;ClosSec;07/11/2020;05/02/2021
Greece;ClosSecPartial;11/05/2020;18/05/2020
Greece;ClosSecPartial;06/02/2021;NA
Greece;EntertainmentVenues;14/03/2020;17/05/2020
Greece;EntertainmentVenues;07/11/2020;NA
Greece;EntertainmentVenuesPartial;18/05/2020;15/06/2020
Greece;EntertainmentVenuesPartial;09/08/2020;06/11/2020
Greece;GymsSportsCentres;14/03/2020;05/06/2020
Greece;GymsSportsCentres;07/11/2020;NA
Greece;GymsSportsCentresPartial;06/06/2020;15/06/2020
Greece;GymsSportsCentresPartial;04/11/2020;06/11/2020
Greece;HotelsOtherAccommodation;15/03/2020;24/05/2020
Greece;HotelsOtherAccommodationPartial;25/05/2020;01/07/2020
Greece;MasksMandatoryAllSpaces;17/07/2020;NA
Greece;MasksMandatoryClosedSpaces;28/04/2020;06/07/2020
Greece;MasksVoluntaryClosedSpaces;07/07/2020;16/07/2020
Greece;MassGather50;07/11/2020;25/01/2021
Greece;MassGather50Partial;13/07/2020;06/11/2020
Greece;MassGatherAll;07/11/2020;NA
Greece;MassGatherAllPartial;13/07/2020;06/11/2020
Greece;NonEssentialShops;14/03/2020;03/05/2020
Greece;NonEssentialShops;07/11/2020;17/01/2021
Greece;NonEssentialShopsPartial;04/05/2020;01/06/2020
Greece;NonEssentialShopsPartial;06/02/2021;NA
Greece;OutdoorOver100;26/01/2021;NA
Greece;PlaceOfWorship;14/03/2020;16/05/2020
Greece;PlaceOfWorshipPartial;17/05/2020;05/06/2020
Greece;PlaceOfWorshipPartial;07/11/2020;NA
Greece;PrivateGatheringRestrictions;19/03/2020;03/05/2020
Greece;PrivateGatheringRestrictions;07/11/2020;NA
Greece;RegionalStayHomeOrder;03/11/2020;06/11/2020
Greece;RegionalStayHomeOrder;11/01/2021;05/02/2021
Greece;RegionalStayHomeOrderPartial;06/02/2021;NA
Greece;RestaurantsCafes;14/03/2020;31/05/2020
Greece;RestaurantsCafes;07/11/2020;NA
Greece;RestaurantsCafesPartial;01/06/2020;06/11/2020
Greece;SocialCircle;01/01/2021;02/01/2021
Greece;StayHomeGen;27/02/2020;22/03/2020
Greece;StayHomeOrder;23/03/2020;04/05/2020
Greece;StayHomeOrderPartial;07/11/2020;NA
Greece;StayHomeRiskG;11/03/2020;NA
Greece;Teleworking;19/03/2020;NA
Hungary;BanOnAllEvents;16/03/2020;11/06/2020
Hungary;BanOnAllEvents;11/11/2020;NA
Hungary;ClosDaycare;25/03/2020;02/06/2020
Hungary;ClosDaycare;09/03/2021;NA
Hungary;ClosHigh;25/03/2020;18/05/2020
Hungary;ClosHigh;11/11/2020;NA
Hungary;ClosPrim;16/03/2020;01/06/2020
Hungary;ClosPrim;08/03/2021;NA
Hungary;ClosPrimPartial;02/06/2020;26/06/2020
Hungary;ClosPubAny;13/03/2020;18/05/2020
Hungary;ClosPubAny;08/03/2021;NA
Hungary;ClosPubAnyPartial;21/09/2020;07/03/2021
Hungary;ClosSec;16/03/2020;01/06/2020
Hungary;ClosSec;11/11/2020;NA
Hungary;ClosSecPartial;02/06/2020;26/06/2020
Hungary;EntertainmentVenues;13/03/2020;18/05/2020
Hungary;EntertainmentVenues;04/11/2020;NA
Hungary;GymsSportsCentres;11/11/2020;NA
Hungary;IndoorOver100;11/03/2020;15/03/2020
Hungary;IndoorOver500;21/09/2020;10/11/2020
Hungary;MasksMandatoryAllSpaces;11/11/2020;NA
Hungary;MasksMandatoryClosedSpaces;02/11/2020;11/11/2020
Hungary;MasksMandatoryClosedSpacesPartial;04/05/2020;01/11/2020
Hungary;MassGather50;16/03/2020;11/06/2020
Hungary;MassGather50;11/11/2020;NA
Hungary;MassGatherAll;11/03/2020;11/06/2020
Hungary;MassGatherAll;11/11/2020;NA
Hungary;MassGatherAllPartial;21/09/2020;10/11/2020
Hungary;NonEssentialShops;28/03/2020;18/05/2020
Hungary;NonEssentialShops;08/03/2021;NA
Hungary;NonEssentialShopsPartial;11/11/2020;07/03/2021
Hungary;OutdoorOver500;21/09/2020;10/11/2020
Hungary;PrivateGatheringRestrictionsPartial;11/11/2020;NA
Hungary;RestaurantsCafes;28/03/2020;18/05/2020
Hungary;RestaurantsCafes;11/11/2020;NA
Hungary;RestaurantsCafesPartial;21/09/2020;10/11/2020
Hungary;StayHomeGen;21/03/2020;26/03/2020
Hungary;StayHomeOrder;27/03/2020;18/05/2020
Hungary;StayHomeOrderPartial;04/11/2020;NA
Hungary;TeleworkingPartial;08/03/2021;NA
Iceland;AdaptationOfWorkplace;16/03/2020;NA
Iceland;ClosHigh;16/03/2020;04/05/2020
Iceland;ClosPubAny;16/03/2020;03/05/2020
Iceland;ClosPubAnyPartial;04/05/2020;15/06/2020
Iceland;ClosPubAnyPartial;31/08/2020;NA
Iceland;ClosSec;16/03/2020;04/05/2020
Iceland;EntertainmentVenues;16/03/2020;03/05/2020
Iceland;EntertainmentVenues;01/11/2020;09/12/2020
Iceland;EntertainmentVenuesPartial;04/05/2020;25/05/2020
Iceland;EntertainmentVenuesPartial;31/08/2020;31/10/2020
Iceland;EntertainmentVenuesPartial;10/12/2020;NA
Iceland;GymsSportsCentres;16/03/2020;17/05/2020
Iceland;GymsSportsCentresPartial;18/05/2020;15/06/2020
Iceland;GymsSportsCentresPartial;20/10/2020;NA
Iceland;IndoorOver100;16/03/2020;23/03/2020
Iceland;IndoorOver100;31/07/2020;09/09/2020
Iceland;IndoorOver50;24/03/2020;25/05/2020
Iceland;IndoorOver50;23/02/2021;NA
Iceland;IndoorOver500;26/05/2020;30/07/2020
Iceland;IndoorOver500;10/09/2020;03/10/2020
Iceland;MasksMandatoryAllSpacesPartial;05/10/2020;NA
Iceland;MasksVoluntaryAllSpacesPartial;31/07/2020;05/10/2020
Iceland;MassGather50;24/03/2020;25/05/2020
Iceland;MassGather50;04/10/2020;NA
Iceland;MassGatherAll;16/03/2020;24/05/2020
Iceland;MassGatherAll;04/10/2020;NA
Iceland;MassGatherAllPartial;25/05/2020;03/10/2020
Iceland;OutdoorOver100;16/03/2020;23/03/2020
Iceland;OutdoorOver100;31/07/2020;07/09/2020
Iceland;OutdoorOver50;24/03/2020;25/05/2020
Iceland;OutdoorOver50;04/10/2020;23/02/2021
Iceland;OutdoorOver500;26/05/2020;30/07/2020
Iceland;OutdoorOver500;08/09/2020;03/10/2020
Iceland;OutdoorOver500;24/02/2021;NA
Iceland;PrivateGatheringRestrictions;04/10/2020;23/02/2021
Iceland;RestaurantsCafes;16/03/2020;25/05/2020
Iceland;RestaurantsCafesPartial;31/10/2020;NA
Iceland;StayHomeRiskG;16/03/2020;NA
Ireland;BanOnAllEvents;09/03/2020;28/06/2020
Ireland;BanOnAllEventsPartial;06/03/2020;08/03/2020
Ireland;BanOnAllEventsPartial;29/06/2020;NA
Ireland;ClosDaycare;12/03/2020;29/06/2020
Ireland;ClosDaycarePartial;11/01/2021;NA
Ireland;ClosHigh;12/03/2020;20/09/2020
Ireland;ClosHighPartial;21/09/2020;NA
Ireland;ClosPrim;12/03/2020;24/08/2020
Ireland;ClosPrim;11/01/2021;28/02/2021
Ireland;ClosPrimPartial;01/03/2021;NA
Ireland;ClosPubAny;12/03/2020;26/03/2020
Ireland;ClosPubAny;06/06/2020;29/06/2020
Ireland;ClosPubAny;21/10/2020;30/11/2020
Ireland;ClosPubAny;31/12/2020;NA
Ireland;ClosPubAnyPartial;27/03/2020;05/06/2020
Ireland;ClosPubAnyPartial;06/10/2020;20/10/2020
Ireland;ClosPubAnyPartial;01/12/2020;30/12/2020
Ireland;ClosSec;12/03/2020;31/08/2020
Ireland;ClosSec;11/01/2021;28/02/2021
Ireland;ClosSecPartial;01/03/2021;NA
Ireland;ClosureOfPublicTransportPartial;27/03/2020;05/06/2020
Ireland;EntertainmentVenues;12/03/2020;29/06/2020
Ireland;EntertainmentVenues;06/10/2020;30/11/2020
Ireland;EntertainmentVenues;25/12/2020;NA
Ireland;EntertainmentVenuesPartial;01/12/2020;24/12/2020
Ireland;GymsSportsCentres;24/03/2020;29/06/2020
Ireland;GymsSportsCentres;21/10/2020;30/11/2020
Ireland;GymsSportsCentres;31/12/2020;NA
Ireland;GymsSportsCentresPartial;06/10/2020;20/10/2020
Ireland;GymsSportsCentresPartial;01/12/2020;30/12/2020
Ireland;MasksMandatoryClosedSpaces;29/06/2020;NA
Ireland;MasksVoluntaryAllSpaces;18/05/2020;NA
Ireland;MassGather50;09/03/2020;28/06/2020
Ireland;MassGather50Partial;06/03/2020;08/03/2020
Ireland;MassGather50Partial;29/06/2020;NA
Ireland;MassGatherAll;09/03/2020;28/06/2020
Ireland;MassGatherAllPartial;06/03/2020;08/03/2020
Ireland;MassGatherAllPartial;29/06/2020;NA
Ireland;NonEssentialShops;24/03/2020;29/06/2020
Ireland;NonEssentialShops;21/10/2020;30/11/2020
Ireland;NonEssentialShops;01/01/2021;NA
Ireland;PlaceOfWorship;06/10/2020;30/11/2020
Ireland;PlaceOfWorship;31/12/2020;NA
Ireland;PlaceOfWorshipPartial;01/12/2020;30/12/2020
Ireland;PrivateGatheringRestrictions;24/03/2020;28/06/2020
Ireland;PrivateGatheringRestrictions;21/10/2020;30/11/2020
Ireland;PrivateGatheringRestrictions;31/12/2020;NA
Ireland;PrivateGatheringRestrictionsPartial;01/12/2020;30/12/2020
Ireland;RestaurantsCafes;24/03/2020;29/06/2020
Ireland;RestaurantsCafes;21/10/2020;03/12/2020
Ireland;RestaurantsCafes;25/12/2020;NA
Ireland;RestaurantsCafesPartial;06/10/2020;20/10/2020
Ireland;RestaurantsCafesPartial;04/12/2020;24/12/2020
Ireland;SocialCircle;21/10/2020;NA
Ireland;StayHomeGen;24/03/2020;26/03/2020
Ireland;StayHomeGen;18/05/2020;26/06/2020
Ireland;StayHomeGenPartial;12/03/2020;23/03/2020
Ireland;StayHomeOrder;27/03/2020;17/05/2020
Ireland;StayHomeOrder;21/10/2020;30/11/2020
Ireland;StayHomeOrder;31/12/2020;NA
Ireland;StayHomeRiskG;12/03/2020;NA
Ireland;Teleworking;12/03/2020;NA
Italy;AdaptationOfWorkplace;10/03/2020;10/06/2020
Italy;AdaptationOfWorkplacePartial;11/06/2020;15/10/2020
Italy;BanOnAllEvents;09/03/2020;11/06/2020
Italy;BanOnAllEvents;06/11/2020;05/03/2021
Italy;BanOnAllEventsPartial;04/03/2020;08/03/2020
Italy;ClosDaycare;10/03/2020;10/06/2020
Italy;ClosDaycarePartial;04/03/2020;09/03/2020
Italy;ClosDaycarePartial;11/06/2020;14/09/2020
Italy;ClosHigh;10/03/2020;10/06/2020
Italy;ClosHigh;04/12/2020;15/01/2021
Italy;ClosHighPartial;04/03/2020;09/03/2020
Italy;ClosHighPartial;11/06/2020;14/09/2020
Italy;ClosHighPartial;05/11/2020;03/12/2020
Italy;ClosPrim;11/03/2020;14/09/2020
Italy;ClosPrimPartial;04/03/2020;10/03/2020
Italy;ClosPubAny;24/12/2020;06/01/2021
Italy;ClosPubAnyPartial;10/03/2020;23/12/2020
Italy;ClosPubAnyPartial;07/01/2021;NA
Italy;ClosSec;04/03/2020;16/06/2020
Italy;ClosSec;05/07/2020;14/09/2020
Italy;ClosSec;05/11/2020;06/01/2021
Italy;ClosSecPartial;17/06/2020;04/07/2020
Italy;ClosSecPartial;15/01/2021;05/03/2021
Italy;ClosureOfPublicTransportPartial;05/11/2020;03/12/2020
Italy;ClosureOfPublicTransportPartial;15/01/2021;05/03/2021
Italy;EntertainmentVenues;10/03/2020;17/05/2020
Italy;EntertainmentVenues;26/10/2020;NA
Italy;EntertainmentVenuesPartial;18/05/2020;15/06/2020
Italy;GymsSportsCentres;10/03/2020;24/05/2020
Italy;GymsSportsCentres;26/10/2020;NA
Italy;GymsSportsCentresPartial;25/05/2020;25/10/2020
Italy;IndoorOver500;07/08/2020;05/11/2020
Italy;MasksMandatoryAllSpaces;26/04/2020;14/07/2020
Italy;MasksMandatoryAllSpaces;08/10/2020;NA
Italy;MasksMandatoryAllSpacesPartial;16/08/2020;07/10/2020
Italy;MasksMandatoryClosedSpaces;15/07/2020;15/08/2020
Italy;MassGather50;09/03/2020;11/06/2020
Italy;MassGather50;06/11/2020;05/03/2021
Italy;MassGather50Partial;04/03/2020;08/03/2020
Italy;MassGatherAll;09/03/2020;11/06/2020
Italy;MassGatherAll;06/11/2020;05/03/2021
Italy;MassGatherAllPartial;04/03/2020;08/03/2020
Italy;MassGatherAllPartial;12/06/2020;05/11/2020
Italy;NonEssentialShops;10/03/2020;13/04/2020
Italy;NonEssentialShops;24/12/2020;06/01/2021
Italy;NonEssentialShopsPartial;14/04/2020;18/05/2020
Italy;OutdoorOver1000;12/06/2020;05/11/2020
Italy;PlaceOfWorship;10/03/2020;15/06/2020
Italy;PrivateGatheringRestrictionsPartial;22/02/2021;NA
Italy;RegionalStayHomeOrder;16/01/2021;31/01/2021
Italy;RegionalStayHomeOrder;08/02/2021;21/02/2021
Italy;RegionalStayHomeOrderPartial;22/10/2020;03/12/2020
Italy;RestaurantsCafes;24/12/2020;06/01/2021
Italy;RestaurantsCafesPartial;10/03/2020;18/05/2020
Italy;RestaurantsCafesPartial;18/10/2020;23/12/2020
Italy;RestaurantsCafesPartial;07/01/2021;NA
Italy;StayHomeGen;26/10/2020;04/11/2020
Italy;StayHomeOrder;10/03/2020;04/05/2020
Italy;StayHomeOrderPartial;05/11/2020;NA
Italy;StayHomeRiskG;04/03/2020;NA
Italy;Teleworking;12/03/2020;10/06/2020
Italy;Teleworking;16/10/2020;05/03/2021
Latvia;BanOnAllEvents;09/11/2020;NA
Latvia;BanOnAllEventsPartial;12/05/2020;10/06/2020
Latvia;ClosDaycarePartial;17/03/2020;10/06/2020
Latvia;ClosHigh;17/03/2020;31/08/2020
Latvia;ClosHigh;26/10/2020;NA
Latvia;ClosPrim;17/03/2020;31/08/2020
Latvia;ClosPrimPartial;02/11/2020;NA
Latvia;ClosPubAny;17/03/2020;11/05/2020
Latvia;ClosPubAnyPartial;12/05/2020;10/06/2020
Latvia;ClosPubAnyPartial;11/07/2020;NA
Latvia;ClosSec;26/10/2020;NA
Latvia;ClosSecPartial;17/03/2020;07/05/2020
Latvia;ClosureOfPublicTransportPartial;07/12/2020;NA
Latvia;EntertainmentVenues;17/03/2020;11/05/2020
Latvia;EntertainmentVenues;09/11/2020;NA
Latvia;EntertainmentVenuesPartial;12/05/2020;10/06/2020
Latvia;GymsSportsCentres;17/03/2020;11/05/2020
Latvia;GymsSportsCentres;03/12/2020;NA
Latvia;GymsSportsCentresPartial;12/05/2020;10/06/2020
Latvia;IndoorOver100;11/06/2020;31/07/2020
Latvia;IndoorOver1000;17/08/2020;10/10/2020
Latvia;IndoorOver50;17/03/2020;11/05/2020
Latvia;IndoorOver500;01/08/2020;16/08/2020
Latvia;IndoorOver500;11/10/2020;06/11/2020
Latvia;MasksMandatoryAllSpacesPartial;17/03/2020;30/06/2020
Latvia;MasksMandatoryClosedSpaces;07/10/2020;NA
Latvia;MasksMandatoryClosedSpacesPartial;12/05/2020;30/06/2020
Latvia;MasksVoluntaryAllSpacesPartial;20/04/2020;30/06/2020
Latvia;MassGather50;17/03/2020;11/05/2020
Latvia;MassGather50;09/11/2020;NA
Latvia;MassGather50Partial;12/05/2020;10/06/2020
Latvia;MassGatherAll;17/03/2020;11/05/2020
Latvia;MassGatherAll;11/06/2020;30/06/2020
Latvia;MassGatherAll;01/08/2020;06/11/2020
Latvia;MassGatherAll;09/11/2020;NA
Latvia;MassGatherAllPartial;12/05/2020;10/06/2020
Latvia;MassGatherAllPartial;01/07/2020;31/07/2020
Latvia;NonEssentialShopsPartial;09/11/2020;NA
Latvia;OutdoorOver1000;01/07/2020;29/10/2020
Latvia;OutdoorOver500;11/06/2020;30/06/2020
Latvia;OutdoorOver500;30/10/2020;06/11/2020
Latvia;PlaceOfWorship;17/03/2020;11/05/2020
Latvia;PlaceOfWorshipPartial;12/05/2020;10/06/2020
Latvia;PlaceOfWorshipPartial;06/12/2020;NA
Latvia;PrivateGatheringRestrictions;17/10/2020;NA
Latvia;RestaurantsCafes;09/11/2020;NA
Latvia;RestaurantsCafesPartial;11/07/2020;08/11/2020
Latvia;StayHomeGen;17/03/2020;11/05/2020
Latvia;StayHomeGenPartial;12/05/2020;10/06/2020
Latvia;StayHomeOrderPartial;24/12/2020;07/02/2021
Latvia;Teleworking;17/03/2020;NA
Liechtenstein;BanOnAllEvents;20/12/2020;28/02/2021
Liechtenstein;ClosDaycare;16/03/2020;11/05/2020
Liechtenstein;ClosHigh;16/03/2020;08/06/2020
Liechtenstein;ClosPrim;16/03/2020;08/06/2020
Liechtenstein;ClosPubAny;24/10/2020;29/11/2020
Liechtenstein;ClosPubAny;20/12/2020;28/02/2021
Liechtenstein;ClosPubAnyPartial;12/03/2020;06/06/2020
Liechtenstein;ClosPubAnyPartial;30/11/2020;19/12/2020
Liechtenstein;ClosPubAnyPartial;01/03/2021;NA
Liechtenstein;ClosSec;16/03/2020;08/06/2020
Liechtenstein;EntertainmentVenues;17/03/2020;06/06/2020
Liechtenstein;EntertainmentVenues;20/12/2020;28/02/2021
Liechtenstein;EntertainmentVenuesPartial;12/12/2020;19/12/2020
Liechtenstein;EntertainmentVenuesPartial;01/03/2021;NA
Liechtenstein;GymsSportsCentres;12/01/2021;28/02/2021
Liechtenstein;GymsSportsCentresPartial;12/03/2020;06/06/2020
Liechtenstein;GymsSportsCentresPartial;01/03/2021;NA
Liechtenstein;IndoorOver100;13/03/2020;03/07/2020
Liechtenstein;IndoorOver1000;28/02/2020;12/03/2020
Liechtenstein;IndoorOver1000;04/07/2020;30/09/2020
Liechtenstein;IndoorOver50;01/03/2021;NA
Liechtenstein;MasksMandatoryAllSpaces;20/12/2020;NA
Liechtenstein;MasksMandatoryClosedSpaces;20/10/2020;19/12/2020
Liechtenstein;MasksMandatoryClosedSpacesPartial;06/07/2020;19/10/2020
Liechtenstein;MasksVoluntaryClosedSpacesPartial;13/05/2020;05/07/2020
Liechtenstein;MassGather50;20/12/2020;NA
Liechtenstein;MassGatherAll;28/02/2020;30/09/2020
Liechtenstein;MassGatherAll;20/12/2020;NA
Liechtenstein;NonEssentialShops;17/03/2020;27/04/2020
Liechtenstein;OutdoorOver100;13/03/2020;03/07/2020
Liechtenstein;OutdoorOver1000;28/02/2020;12/03/2020
Liechtenstein;PrivateGatheringRestrictions;16/03/2020;20/05/2020
Liechtenstein;PrivateGatheringRestrictions;19/10/2020;NA
Liechtenstein;RestaurantsCafes;17/03/2020;15/05/2020
Liechtenstein;RestaurantsCafes;24/10/2020;29/11/2020
Liechtenstein;RestaurantsCafes;20/12/2020;NA
Liechtenstein;RestaurantsCafesPartial;30/11/2020;19/12/2020
Liechtenstein;StayHomeGen;21/03/2020;18/05/2020
Liechtenstein;StayHomeRiskG;16/03/2020;NA
Liechtenstein;TeleworkingPartial;15/01/2021;NA
Lithuania;BanOnAllEvents;12/03/2020;31/05/2020
Lithuania;BanOnAllEvents;07/11/2020;05/03/2021
Lithuania;ClosDaycare;16/03/2020;26/04/2020
Lithuania;ClosDaycarePartial;27/04/2020;27/05/2020
Lithuania;ClosHigh;16/03/2020;24/05/2020
Lithuania;ClosHigh;07/11/2020;NA
Lithuania;ClosHighPartial;25/05/2020;30/06/2020
Lithuania;ClosHighPartial;01/09/2020;06/11/2020
Lithuania;ClosPrim;16/03/2020;24/05/2020
Lithuania;ClosPrim;14/12/2020;NA
Lithuania;ClosPrimPartial;25/05/2020;23/06/2020
Lithuania;ClosPubAnyPartial;16/03/2020;NA
Lithuania;ClosSec;16/03/2020;31/05/2020
Lithuania;ClosSec;07/11/2020;NA
Lithuania;ClosSecPartial;01/06/2020;16/06/2020
Lithuania;ClosSecPartial;01/09/2020;06/11/2020
Lithuania;EntertainmentVenues;16/03/2020;26/04/2020
Lithuania;EntertainmentVenues;16/12/2020;05/03/2021
Lithuania;EntertainmentVenuesPartial;27/04/2020;17/07/2020
Lithuania;EntertainmentVenuesPartial;26/10/2020;15/12/2020
Lithuania;EntertainmentVenuesPartial;06/03/2021;NA
Lithuania;GymsSportsCentres;07/11/2020;NA
Lithuania;GymsSportsCentresPartial;16/03/2020;16/06/2020
Lithuania;HotelsOtherAccommodationPartial;07/11/2020;NA
Lithuania;IndoorOver100;01/06/2020;15/06/2020
Lithuania;IndoorOver1000;16/08/2020;31/08/2020
Lithuania;IndoorOver500;17/06/2020;31/07/2020
Lithuania;IndoorOver500;30/10/2020;06/11/2020
Lithuania;MasksMandatoryAllSpaces;10/04/2020;29/04/2020
Lithuania;MasksMandatoryAllSpaces;07/11/2020;24/02/2021
Lithuania;MasksMandatoryAllSpacesPartial;30/04/2020;16/06/2020
Lithuania;MasksMandatoryAllSpacesPartial;21/08/2020;06/11/2020
Lithuania;MasksMandatoryAllSpacesPartial;25/02/2021;NA
Lithuania;MasksMandatoryClosedSpacesPartial;01/08/2020;20/08/2020
Lithuania;MasksVoluntaryAllSpaces;23/03/2020;09/04/2020
Lithuania;MasksVoluntaryAllSpaces;16/06/2020;06/11/2020
Lithuania;MassGather50;12/03/2020;03/05/2020
Lithuania;MassGather50;07/11/2020;05/03/2021
Lithuania;MassGather50Partial;04/05/2020;16/06/2020
Lithuania;MassGatherAll;12/03/2020;03/05/2020
Lithuania;MassGatherAll;01/07/2020;15/08/2020
Lithuania;MassGatherAll;14/11/2020;05/03/2021
Lithuania;MassGatherAllPartial;04/05/2020;30/06/2020
Lithuania;MassGatherAllPartial;16/08/2020;31/08/2020
Lithuania;MassGatherAllPartial;30/10/2020;13/11/2020
Lithuania;NonEssentialShops;16/03/2020;22/04/2020
Lithuania;NonEssentialShops;16/12/2020;14/02/2021
Lithuania;NonEssentialShopsPartial;23/04/2020;15/12/2020
Lithuania;NonEssentialShopsPartial;15/02/2021;NA
Lithuania;OutdoorOver1000;17/06/2020;31/08/2020
Lithuania;OutdoorOver50;01/06/2020;16/06/2020
Lithuania;OutdoorOver500;30/10/2020;06/11/2020
Lithuania;PlaceOfWorship;16/03/2020;26/04/2020
Lithuania;PlaceOfWorshipPartial;27/04/2020;16/06/2020
Lithuania;PlaceOfWorshipPartial;07/11/2020;NA
Lithuania;PrivateGatheringRestrictions;07/11/2020;15/12/2020
Lithuania;PrivateGatheringRestrictionsPartial;19/03/2020;08/06/2020
Lithuania;PrivateGatheringRestrictionsPartial;26/10/2020;06/11/2020
Lithuania;RestaurantsCafes;16/03/2020;22/04/2020
Lithuania;RestaurantsCafes;07/11/2020;NA
Lithuania;RestaurantsCafesPartial;23/04/2020;06/11/2020
Lithuania;SocialCircle;16/12/2020;NA
Lithuania;StayHomeGen;16/03/2020;16/06/2020
Lithuania;StayHomeGen;07/11/2020;15/12/2020
Lithuania;StayHomeOrder;16/12/2020;NA
Lithuania;Teleworking;10/03/2020;15/06/2020
Lithuania;TeleworkingPartial;16/06/2020;NA
Luxembourg;ClosDaycare;16/03/2020;24/05/2020
Luxembourg;ClosDaycare;28/12/2020;10/01/2021
Luxembourg;ClosHigh;16/03/2020;24/05/2020
Luxembourg;ClosHigh;28/12/2020;10/01/2021
Luxembourg;ClosPrim;16/03/2020;24/05/2020
Luxembourg;ClosPrim;28/12/2020;10/01/2021
Luxembourg;ClosPubAnyPartial;16/03/2020;NA
Luxembourg;ClosSec;16/03/2020;04/05/2020
Luxembourg;ClosSec;28/12/2020;10/01/2021
Luxembourg;ClosSecPartial;05/05/2020;26/05/2020
Luxembourg;ClosureOfPublicTransportPartial;16/03/2020;08/06/2020
Luxembourg;EntertainmentVenues;16/03/2020;10/05/2020
Luxembourg;EntertainmentVenues;26/11/2020;10/01/2021
Luxembourg;EntertainmentVenuesPartial;11/05/2020;25/11/2020
Luxembourg;GymsSportsCentres;16/03/2020;29/05/2020
Luxembourg;GymsSportsCentres;26/11/2020;10/01/2021
Luxembourg;IndoorOver100;17/03/2020;10/05/2020
Luxembourg;IndoorOver100;22/09/2020;NA
Luxembourg;IndoorOver1000;09/03/2020;16/03/2020
Luxembourg;IndoorOver50;11/05/2020;21/09/2020
Luxembourg;MasksMandatoryAllSpaces;18/03/2020;19/04/2020
Luxembourg;MasksMandatoryAllSpacesPartial;22/06/2020;NA
Luxembourg;MasksMandatoryClosedSpaces;20/04/2020;NA
Luxembourg;MassGather50Partial;11/05/2020;21/09/2020
Luxembourg;MassGatherAll;09/03/2020;16/03/2020
Luxembourg;MassGatherAll;22/09/2020;NA
Luxembourg;MassGatherAllPartial;17/03/2020;21/09/2020
Luxembourg;NonEssentialShops;16/03/2020;19/04/2020
Luxembourg;NonEssentialShopsPartial;20/04/2020;11/05/2020
Luxembourg;NonEssentialShopsPartial;28/10/2020;NA
Luxembourg;OutdoorOver100;22/09/2020;NA
Luxembourg;OutdoorOver50;19/07/2020;21/09/2020
Luxembourg;OutdoorOver500;17/03/2020;18/07/2020
Luxembourg;PrivateGatheringRestrictions;16/03/2020;11/05/2020
Luxembourg;PrivateGatheringRestrictions;19/07/2020;NA
Luxembourg;RestaurantsCafes;16/03/2020;29/05/2020
Luxembourg;RestaurantsCafes;27/11/2020;NA
Luxembourg;RestaurantsCafesPartial;30/05/2020;26/11/2020
Luxembourg;StayHomeOrder;18/03/2020;19/04/2020
Luxembourg;StayHomeOrderPartial;20/04/2020;11/05/2020
Luxembourg;StayHomeOrderPartial;30/10/2020;NA
Luxembourg;StayHomeRiskG;12/03/2020;NA
Luxembourg;Teleworking;13/03/2020;NA
Malta;BanOnAllEvents;13/03/2020;NA
Malta;ClosDaycare;13/03/2020;30/06/2020
Malta;ClosHigh;13/03/2020;30/06/2020
Malta;ClosPrim;13/03/2020;30/06/2020
Malta;ClosPubAny;18/03/2020;21/05/2020
Malta;ClosPubAnyPartial;22/05/2020;NA
Malta;ClosSec;13/03/2020;30/06/2020
Malta;EntertainmentVenues;18/03/2020;21/05/2020
Malta;EntertainmentVenuesPartial;17/08/2020;NA
Malta;GymsSportsCentres;18/03/2020;02/06/2020
Malta;GymsSportsCentresPartial;03/06/2020;NA
Malta;MasksMandatoryAllSpaces;18/11/2020;NA
Malta;MasksMandatoryClosedSpaces;22/05/2020;17/10/2020
Malta;MassGather50;13/03/2020;NA
Malta;MassGatherAll;13/03/2020;NA
Malta;NonEssentialShops;23/03/2020;21/05/2020
Malta;NonEssentialShopsPartial;22/05/2020;NA
Malta;PlaceOfWorshipPartial;20/08/2020;NA
Malta;RestaurantsCafes;18/03/2020;21/05/2020
Malta;RestaurantsCafesPartial;22/05/2020;NA
Malta;StayHomeRiskG;28/03/2020;NA
Malta;Teleworking;08/05/2020;NA
Netherlands;AdaptationOfWorkplace;25/03/2020;NA
Netherlands;BanOnAllEvents;23/03/2020;31/05/2020
Netherlands;BanOnAllEvents;04/11/2020;NA
Netherlands;BanOnAllEventsPartial;14/10/2020;03/11/2020
Netherlands;ClosDaycare;16/03/2020;10/05/2020
Netherlands;ClosDaycare;16/12/2020;07/02/2021
Netherlands;ClosDaycarePartial;08/06/2020;01/07/2020
Netherlands;ClosHigh;12/03/2020;14/06/2020
Netherlands;ClosHigh;16/12/2020;NA
Netherlands;ClosHighPartial;15/06/2020;01/09/2020
Netherlands;ClosPrim;16/03/2020;10/05/2020
Netherlands;ClosPrim;16/12/2020;07/02/2021
Netherlands;ClosPrimPartial;11/05/2020;08/06/2020
Netherlands;ClosPubAny;15/12/2020;02/03/2021
Netherlands;ClosPubAnyPartial;12/03/2020;14/12/2020
Netherlands;ClosPubAnyPartial;03/03/2021;NA
Netherlands;ClosSec;16/03/2020;01/06/2020
Netherlands;ClosSec;16/12/2020;28/02/2021
Netherlands;ClosSecPartial;02/06/2020;30/06/2020
Netherlands;ClosSecPartial;01/03/2021;NA
Netherlands;ClosureOfPublicTransportPartial;12/03/2020;31/05/2020
Netherlands;EntertainmentVenues;12/03/2020;31/05/2020
Netherlands;EntertainmentVenues;04/11/2020;NA
Netherlands;EntertainmentVenuesPartial;01/06/2020;03/11/2020
Netherlands;GymsSportsCentres;16/03/2020;28/04/2020
Netherlands;GymsSportsCentres;15/12/2020;02/03/2021
Netherlands;GymsSportsCentresPartial;29/04/2020;30/06/2020
Netherlands;GymsSportsCentresPartial;14/10/2020;14/12/2020
Netherlands;GymsSportsCentresPartial;03/03/2021;NA
Netherlands;IndoorOver100;12/03/2020;22/03/2020
Netherlands;IndoorOver100;01/06/2020;28/09/2020
Netherlands;IndoorOver50;29/09/2020;13/10/2020
Netherlands;MasksMandatoryClosedSpaces;01/12/2020;NA
Netherlands;MasksMandatoryClosedSpacesPartial;01/06/2020;04/10/2020
Netherlands;MasksVoluntaryClosedSpacesPartial;05/10/2020;30/11/2020
Netherlands;MassGather50;23/03/2020;31/05/2020
Netherlands;MassGather50;29/09/2020;13/10/2020
Netherlands;MassGather50;04/11/2020;NA
Netherlands;MassGather50Partial;14/10/2020;03/11/2020
Netherlands;MassGatherAll;12/03/2020;30/06/2020
Netherlands;MassGatherAll;29/09/2020;13/10/2020
Netherlands;MassGatherAll;04/11/2020;NA
Netherlands;MassGatherAllPartial;01/07/2020;28/09/2020
Netherlands;MassGatherAllPartial;14/10/2020;03/11/2020
Netherlands;NonEssentialShops;15/12/2020;02/03/2021
Netherlands;NonEssentialShopsPartial;03/03/2021;NA
Netherlands;OutdoorOver100;12/03/2020;22/03/2020
Netherlands;OutdoorOver50;29/09/2020;13/10/2020
Netherlands;OutdoorOver500;01/07/2020;28/09/2020
Netherlands;PlaceOfWorship;16/03/2020;31/05/2020
Netherlands;PlaceOfWorshipPartial;01/06/2020;30/06/2020
Netherlands;PrivateGatheringRestrictions;23/03/2020;30/06/2020
Netherlands;PrivateGatheringRestrictions;18/08/2020;NA
Netherlands;RestaurantsCafes;15/03/2020;31/05/2020
Netherlands;RestaurantsCafes;14/10/2020;NA
Netherlands;RestaurantsCafesPartial;01/06/2020;30/06/2020
Netherlands;RestaurantsCafesPartial;29/09/2020;13/10/2020
Netherlands;StayHomeGen;18/03/2020;10/05/2020
Netherlands;StayHomeGen;15/12/2020;22/01/2021
Netherlands;StayHomeGenPartial;11/05/2020;01/06/2020
Netherlands;StayHomeGenPartial;04/11/2020;14/12/2020
Netherlands;StayHomeOrderPartial;23/01/2021;NA
Netherlands;StayHomeRiskG;13/03/2020;26/06/2020
Netherlands;Teleworking;12/03/2020;31/05/2020
Netherlands;Teleworking;18/08/2020;NA
Netherlands;TeleworkingPartial;01/06/2020;17/08/2020
Netherlands;WorkplaceClosures;23/03/2020;10/05/2020
Netherlands;WorkplaceClosures;15/12/2020;02/03/2021
Netherlands;WorkplaceClosuresPartial;03/03/2021;NA
Norway;BanOnAllEvents;12/03/2020;06/05/2020
Norway;ClosDaycare;12/03/2020;20/04/2020
Norway;ClosHigh;12/03/2020;14/06/2020
Norway;ClosHigh;04/01/2021;18/02/2021
Norway;ClosHighPartial;09/11/2020;03/01/2021
Norway;ClosHighPartial;19/02/2021;NA
Norway;ClosPrim;12/03/2020;26/04/2020
Norway;ClosPubAny;12/03/2020;31/05/2020
Norway;ClosPubAnyPartial;01/06/2020;NA
Norway;ClosSec;12/03/2020;11/05/2020
Norway;ClosSecPartial;04/01/2021;17/01/2021
Norway;EntertainmentVenues;12/03/2020;31/05/2020
Norway;EntertainmentVenuesPartial;01/06/2020;03/01/2021
Norway;GymsSportsCentres;12/03/2020;14/05/2020
Norway;GymsSportsCentres;03/01/2021;17/01/2021
Norway;GymsSportsCentresPartial;18/01/2021;NA
Norway;IndoorOver100;19/02/2021;NA
Norway;IndoorOver50;07/05/2020;14/06/2020
Norway;IndoorOver500;15/06/2020;18/02/2021
Norway;MasksVoluntaryAllSpacesPartial;14/08/2020;NA
Norway;MassGather50;12/03/2020;14/06/2020
Norway;MassGatherAll;12/03/2020;14/06/2020
Norway;MassGatherAll;12/10/2020;NA
Norway;MassGatherAllPartial;15/06/2020;11/10/2020
Norway;OutdoorOver50;07/05/2020;14/06/2020
Norway;OutdoorOver500;15/06/2020;NA
Norway;PrivateGatheringRestrictions;02/06/2020;NA
Norway;RestaurantsCafes;12/03/2020;31/05/2020
Norway;RestaurantsCafesPartial;01/06/2020;NA
Norway;StayHomeGen;09/11/2020;03/01/2021
Norway;StayHomeRiskG;12/03/2020;01/06/2020
Norway;Teleworking;10/03/2020;NA
Poland;AdaptationOfWorkplace;02/04/2020;NA
Poland;BanOnAllEvents;07/11/2020;11/02/2021
Poland;BanOnAllEventsPartial;17/07/2020;06/08/2020
Poland;ClosDaycare;12/03/2020;06/05/2020
Poland;ClosHigh;12/03/2020;24/05/2020
Poland;ClosHighPartial;25/05/2020;31/08/2020
Poland;ClosHighPartial;01/10/2020;NA
Poland;ClosPrim;12/03/2020;24/05/2020
Poland;ClosPrim;10/11/2020;17/01/2021
Poland;ClosPrimPartial;25/05/2020;30/06/2020
Poland;ClosPrimPartial;24/10/2020;09/11/2020
Poland;ClosPrimPartial;18/01/2021;NA
Poland;ClosPubAny;14/03/2020;14/03/2020
Poland;ClosPubAnyPartial;15/03/2020;NA
Poland;ClosSec;12/03/2020;24/05/2020
Poland;ClosSec;24/10/2020;NA
Poland;ClosSecPartial;25/05/2020;30/06/2020
Poland;ClosSecPartial;01/09/2020;23/10/2020
Poland;ClosureOfPublicTransportPartial;15/03/2020;14/02/2021
Poland;EntertainmentVenues;14/03/2020;06/06/2020
Poland;EntertainmentVenues;24/10/2020;31/01/2021
Poland;EntertainmentVenuesPartial;07/06/2020;16/10/2020
Poland;EntertainmentVenuesPartial;01/02/2021;NA
Poland;GymsSportsCentres;14/03/2020;04/06/2020
Poland;GymsSportsCentres;17/10/2020;14/02/2021
Poland;GymsSportsCentresPartial;05/06/2020;06/08/2020
Poland;HotelsOtherAccommodation;14/03/2020;04/05/2020
Poland;HotelsOtherAccommodationPartial;24/10/2020;NA
Poland;IndoorOver100;07/08/2020;22/10/2020
Poland;IndoorOver50;14/03/2020;03/05/2020
Poland;IndoorOver50;23/10/2020;06/11/2020
Poland;IndoorOver500;10/03/2020;13/03/2020
Poland;MasksMandatoryAllSpaces;16/04/2020;29/05/2020
Poland;MasksMandatoryAllSpaces;10/10/2020;NA
Poland;MasksMandatoryClosedSpacesPartial;30/05/2020;18/09/2020
Poland;MassGather50;14/03/2020;29/05/2020
Poland;MassGather50;23/10/2020;11/02/2021
Poland;MassGather50Partial;17/07/2020;06/08/2020
Poland;MassGatherAll;10/03/2020;18/06/2020
Poland;MassGatherAll;17/10/2020;11/02/2021
Poland;MassGatherAllPartial;19/06/2020;16/10/2020
Poland;NonEssentialShops;14/03/2020;17/05/2020
Poland;NonEssentialShops;07/11/2020;31/01/2021
Poland;NonEssentialShopsPartial;01/02/2021;NA
Poland;OutdoorOver100;30/05/2020;16/07/2020
Poland;OutdoorOver50;14/03/2020;29/05/2020
Poland;OutdoorOver500;07/08/2020;10/10/2020
Poland;PlaceOfWorshipPartial;19/04/2020;30/05/2020
Poland;PlaceOfWorshipPartial;09/08/2020;NA
Poland;PrivateGatheringRestrictions;02/04/2020;29/05/2020
Poland;PrivateGatheringRestrictions;17/10/2020;NA
Poland;RestaurantsCafes;14/03/2020;17/05/2020
Poland;RestaurantsCafesPartial;18/05/2020;29/05/2020
Poland;RestaurantsCafesPartial;24/10/2020;NA
Poland;StayHomeGen;19/04/2020;04/05/2020
Poland;StayHomeOrder;24/03/2020;18/04/2020
Poland;StayHomeRiskG;08/03/2020;NA
Poland;Teleworking;08/03/2020;NA
Portugal;BanOnAllEvents;04/05/2020;11/11/2020
Portugal;ClosDaycare;16/03/2020;17/05/2020
Portugal;ClosDaycare;22/01/2021;NA
Portugal;ClosDaycarePartial;18/05/2020;31/05/2020
Portugal;ClosHigh;16/03/2020;17/05/2020
Portugal;ClosHigh;22/01/2021;NA
Portugal;ClosHighPartial;18/05/2020;07/09/2020
Portugal;ClosPrim;16/03/2020;14/09/2020
Portugal;ClosPrim;22/01/2021;NA
Portugal;ClosPubAny;13/03/2020;17/03/2020
Portugal;ClosPubAnyPartial;18/03/2020;NA
Portugal;ClosSec;16/03/2020;17/05/2020
Portugal;ClosSec;22/01/2021;NA
Portugal;ClosSecPartial;18/05/2020;14/09/2020
Portugal;ClosureOfPublicTransportPartial;18/03/2020;NA
Portugal;EntertainmentVenues;13/03/2020;17/05/2020
Portugal;EntertainmentVenues;15/01/2021;NA
Portugal;EntertainmentVenuesPartial;18/05/2020;01/06/2020
Portugal;EntertainmentVenuesPartial;24/11/2020;14/01/2021
Portugal;GymsSportsCentres;15/03/2020;03/05/2020
Portugal;GymsSportsCentres;15/01/2021;NA
Portugal;GymsSportsCentresPartial;04/05/2020;21/11/2020
Portugal;IndoorOver100;15/03/2020;03/05/2020
Portugal;MasksMandatoryAllSpaces;28/10/2020;NA
Portugal;MasksMandatoryClosedSpaces;04/05/2020;27/10/2020
Portugal;MasksVoluntaryAllSpaces;15/10/2020;27/10/2020
Portugal;MassGather50;04/05/2020;11/11/2020
Portugal;MassGatherAll;15/03/2020;11/11/2020
Portugal;NonEssentialShops;15/03/2020;03/05/2020
Portugal;NonEssentialShops;15/01/2021;NA
Portugal;NonEssentialShopsPartial;04/05/2020;23/11/2020
Portugal;OutdoorOver100;15/03/2020;03/05/2020
Portugal;PlaceOfWorship;13/03/2020;30/05/2020
Portugal;PrivateGatheringRestrictions;03/05/2020;NA
Portugal;RegionalStayHomeOrder;02/04/2020;03/05/2020
Portugal;RestaurantsCafes;15/03/2020;17/05/2020
Portugal;RestaurantsCafes;24/11/2020;NA
Portugal;RestaurantsCafesPartial;18/05/2020;23/11/2020
Portugal;StayHomeGen;19/03/2020;02/05/2020
Portugal;StayHomeOrder;15/01/2021;NA
Portugal;StayHomeRiskG;18/03/2020;02/05/2020
Portugal;Teleworking;16/03/2020;31/05/2020
Portugal;Teleworking;15/01/2021;NA
Portugal;TeleworkingPartial;01/06/2020;22/10/2020
Romania;AdaptationOfWorkplace;16/03/2020;NA
Romania;ClosDaycare;16/03/2020;14/06/2020
Romania;ClosDaycarePartial;15/06/2020;14/09/2020
Romania;ClosHigh;16/03/2020;14/06/2020
Romania;ClosHighPartial;31/08/2020;NA
Romania;ClosPrim;16/03/2020;14/06/2020
Romania;ClosPrim;09/11/2020;23/12/2020
Romania;ClosPrim;11/01/2021;07/02/2021
Romania;ClosPrimPartial;15/06/2020;14/09/2020
Romania;ClosPubAny;18/03/2020;13/05/2020
Romania;ClosPubAnyPartial;14/05/2020;NA
Romania;ClosSec;16/03/2020;01/06/2020
Romania;ClosSec;09/11/2020;23/12/2020
Romania;ClosSec;11/01/2021;07/02/2021
Romania;ClosSecPartial;02/06/2020;14/09/2020
Romania;ClosSecPartial;08/02/2021;NA
Romania;EntertainmentVenues;18/03/2020;13/05/2020
Romania;EntertainmentVenuesPartial;14/05/2020;NA
Romania;GymsSportsCentres;18/03/2020;30/05/2020
Romania;GymsSportsCentresPartial;31/05/2020;14/06/2020
Romania;HotelsOtherAccommodation;18/03/2020;15/05/2020
Romania;HotelsOtherAccommodationPartial;14/11/2020;NA
Romania;IndoorOver50;01/09/2020;NA
Romania;MasksMandatoryAllSpaces;01/08/2020;NA
Romania;MasksMandatoryClosedSpaces;15/05/2020;31/07/2020
Romania;MassGather50;01/09/2020;NA
Romania;MassGatherAll;18/03/2020;18/10/2020
Romania;MassGatherAllPartial;19/10/2020;NA
Romania;NonEssentialShops;22/03/2020;13/05/2020
Romania;NonEssentialShopsPartial;14/05/2020;14/06/2020
Romania;NonEssentialShopsPartial;05/11/2020;NA
Romania;OutdoorOver100;01/09/2020;NA
Romania;OutdoorOver500;18/03/2020;31/08/2020
Romania;PlaceOfWorship;18/03/2020;14/05/2020
Romania;PlaceOfWorshipPartial;15/05/2020;NA
Romania;PrivateGatheringRestrictions;22/03/2020;NA
Romania;RestaurantsCafes;18/03/2020;31/05/2020
Romania;RestaurantsCafesPartial;01/06/2020;NA
Romania;StayHomeOrderPartial;22/03/2020;13/05/2020
Romania;StayHomeOrderPartial;14/11/2020;NA
Romania;StayHomeRiskG;25/03/2020;14/05/2020
Romania;Teleworking;16/03/2020;NA
Slovakia;BanOnAllEvents;10/03/2020;03/06/2020
Slovakia;BanOnAllEventsPartial;02/11/2020;14/11/2020
Slovakia;BanOnAllEventsPartial;30/12/2020;NA
Slovakia;ClosDaycare;16/03/2020;31/05/2020
Slovakia;ClosDaycarePartial;01/06/2020;30/06/2020
Slovakia;ClosHigh;16/03/2020;09/06/2020
Slovakia;ClosHighPartial;10/06/2020;NA
Slovakia;ClosPrim;30/03/2020;31/05/2020
Slovakia;ClosPrimPartial;01/06/2020;30/06/2020
Slovakia;ClosPrimPartial;12/10/2020;NA
Slovakia;ClosPubAnyPartial;12/03/2020;20/05/2020
Slovakia;ClosPubAnyPartial;01/10/2020;NA
Slovakia;ClosSec;16/03/2020;31/05/2020
Slovakia;ClosSec;12/10/2020;15/11/2020
Slovakia;ClosSecPartial;01/06/2020;30/06/2020
Slovakia;ClosSecPartial;16/11/2020;NA
Slovakia;EntertainmentVenues;16/03/2020;20/05/2020
Slovakia;EntertainmentVenues;15/10/2020;15/11/2020
Slovakia;EntertainmentVenues;19/12/2020;NA
Slovakia;EntertainmentVenuesPartial;16/11/2020;18/12/2020
Slovakia;GymsSportsCentres;16/03/2020;20/05/2020
Slovakia;GymsSportsCentres;15/10/2020;15/11/2020
Slovakia;GymsSportsCentres;19/12/2020;NA
Slovakia;GymsSportsCentresPartial;16/11/2020;18/12/2020
Slovakia;HotelsOtherAccommodation;01/01/2021;10/01/2021
Slovakia;HotelsOtherAccommodationPartial;12/03/2020;20/05/2020
Slovakia;HotelsOtherAccommodationPartial;14/12/2020;31/12/2020
Slovakia;HotelsOtherAccommodationPartial;11/01/2021;NA
Slovakia;IndoorOver100;04/06/2020;14/06/2020
Slovakia;IndoorOver1000;15/06/2020;31/08/2020
Slovakia;IndoorOver500;01/09/2020;30/09/2020
Slovakia;MasksMandatoryAllSpaces;25/03/2020;09/06/2020
Slovakia;MasksMandatoryAllSpaces;01/10/2020;NA
Slovakia;MasksMandatoryClosedSpaces;10/06/2020;30/09/2020
Slovakia;MassGather50;10/03/2020;03/06/2020
Slovakia;MassGather50Partial;02/11/2020;14/11/2020
Slovakia;MassGather50Partial;30/12/2020;NA
Slovakia;MassGatherAll;10/03/2020;30/09/2020
Slovakia;MassGatherAllPartial;02/11/2020;14/11/2020
Slovakia;MassGatherAllPartial;30/12/2020;NA
Slovakia;NonEssentialShops;16/03/2020;21/04/2020
Slovakia;NonEssentialShopsPartial;22/04/2020;20/05/2020
Slovakia;NonEssentialShopsPartial;01/10/2020;NA
Slovakia;OutdoorOver100;04/06/2020;14/06/2020
Slovakia;OutdoorOver1000;15/06/2020;30/09/2020
Slovakia;PlaceOfWorshipPartial;01/01/2021;NA
Slovakia;PrivateGatheringRestrictions;01/10/2020;NA
Slovakia;RestaurantsCafes;01/01/2021;NA
Slovakia;RestaurantsCafesPartial;12/03/2020;20/05/2020
Slovakia;RestaurantsCafesPartial;01/10/2020;31/12/2020
Slovakia;StayHomeOrderPartial;02/11/2020;14/11/2020
Slovakia;StayHomeOrderPartial;30/12/2020;NA
Slovakia;Teleworking;02/11/2020;NA
Slovenia;BanOnAllEvents;17/10/2020;14/02/2021
Slovenia;ClosDaycare;12/03/2020;17/05/2020
Slovenia;ClosDaycare;24/10/2020;25/01/2021
Slovenia;ClosHigh;12/03/2020;17/05/2020
Slovenia;ClosHigh;24/10/2020;25/01/2021
Slovenia;ClosPrim;12/03/2020;03/06/2020
Slovenia;ClosPrim;24/10/2020;25/01/2021
Slovenia;ClosPrimPartial;02/02/2021;14/02/2021
Slovenia;ClosPubAny;14/03/2020;28/04/2020
Slovenia;ClosPubAnyPartial;29/04/2020;NA
Slovenia;ClosSec;12/03/2020;17/05/2020
Slovenia;ClosSec;19/10/2020;07/03/2021
Slovenia;ClosSecPartial;18/05/2020;24/06/2020
Slovenia;ClosureOfPublicTransport;14/03/2020;30/04/2020
Slovenia;ClosureOfPublicTransport;16/11/2020;15/12/2020
Slovenia;EntertainmentVenues;15/03/2020;28/04/2020
Slovenia;EntertainmentVenuesPartial;29/04/2020;NA
Slovenia;GymsSportsCentres;15/03/2020;17/05/2020
Slovenia;GymsSportsCentresPartial;18/05/2020;01/06/2020
Slovenia;IndoorOver100;10/03/2020;31/05/2020
Slovenia;IndoorOver50;15/06/2020;08/07/2020
Slovenia;IndoorOver500;07/03/2020;09/03/2020
Slovenia;MasksMandatoryAllSpaces;30/03/2020;01/06/2020
Slovenia;MasksMandatoryAllSpacesPartial;19/09/2020;NA
Slovenia;MasksMandatoryClosedSpaces;25/06/2020;NA
Slovenia;MassGather50;18/05/2020;31/05/2020
Slovenia;MassGather50;15/06/2020;08/07/2020
Slovenia;MassGather50;17/10/2020;14/02/2021
Slovenia;MassGatherAll;07/03/2020;08/07/2020
Slovenia;MassGatherAll;17/10/2020;14/02/2021
Slovenia;NonEssentialShops;15/03/2020;20/04/2020
Slovenia;NonEssentialShops;24/10/2020;14/12/2020
Slovenia;NonEssentialShopsPartial;15/12/2020;NA
Slovenia;OutdoorOver50;18/05/2020;31/05/2020
Slovenia;OutdoorOver500;10/03/2020;18/03/2020
Slovenia;OutdoorOver500;01/06/2020;14/06/2020
Slovenia;PrivateGatheringRestrictions;19/03/2020;17/05/2020
Slovenia;PrivateGatheringRestrictions;20/10/2020;NA
Slovenia;RestaurantsCafes;15/03/2020;03/05/2020
Slovenia;RestaurantsCafesPartial;04/05/2020;18/05/2020
Slovenia;RestaurantsCafesPartial;08/03/2021;NA
Slovenia;StayHomeOrder;19/03/2020;04/05/2020
Slovenia;StayHomeOrderPartial;20/10/2020;NA
Slovenia;Teleworking;04/03/2020;NA
Slovenia;WorkplaceClosures;15/03/2020;04/05/2020
Spain;AdaptationOfWorkplace;11/04/2020;NA
Spain;BanOnAllEvents;14/03/2020;01/06/2020
Spain;BanOnAllEvents;25/10/2020;NA
Spain;BanOnAllEventsPartial;01/10/2020;24/10/2020
Spain;ClosDaycare;12/03/2020;27/08/2020
Spain;ClosHigh;12/03/2020;27/08/2020
Spain;ClosPrim;12/03/2020;27/08/2020
Spain;ClosPubAny;14/03/2020;03/05/2020
Spain;ClosPubAny;01/10/2020;24/10/2020
Spain;ClosPubAnyPartial;04/05/2020;30/09/2020
Spain;ClosPubAnyPartial;25/10/2020;NA
Spain;ClosSec;12/03/2020;27/08/2020
Spain;EntertainmentVenues;14/03/2020;10/05/2020
Spain;EntertainmentVenues;14/08/2020;NA
Spain;EntertainmentVenuesPartial;11/05/2020;20/06/2020
Spain;GymsSportsCentres;14/03/2020;20/06/2020
Spain;HotelsOtherAccommodation;14/03/2020;31/05/2020
Spain;HotelsOtherAccommodationPartial;01/06/2020;20/06/2020
Spain;IndoorOver100;02/06/2020;21/06/2020
Spain;MasksMandatoryAllSpaces;04/08/2020;NA
Spain;MasksMandatoryAllSpacesPartial;21/05/2020;03/08/2020
Spain;MasksMandatoryClosedSpaces;04/05/2020;21/05/2020
Spain;MasksVoluntaryClosedSpaces;13/03/2020;03/05/2020
Spain;MassGather50;14/03/2020;01/06/2020
Spain;MassGather50;25/10/2020;NA
Spain;MassGather50Partial;01/10/2020;24/10/2020
Spain;MassGatherAll;14/03/2020;21/06/2020
Spain;MassGatherAll;25/10/2020;NA
Spain;MassGatherAllPartial;01/10/2020;24/10/2020
Spain;OutdoorOver1000;02/06/2020;21/06/2020
Spain;PlaceOfWorshipPartial;25/10/2020;NA
Spain;PrivateGatheringRestrictions;25/10/2020;NA
Spain;RestaurantsCafes;14/03/2020;03/05/2020
Spain;RestaurantsCafesPartial;04/05/2020;30/09/2020
Spain;SocialCircle;27/08/2020;NA
Spain;StayHomeGen;09/03/2020;13/03/2020
Spain;StayHomeOrder;14/03/2020;03/05/2020
Spain;StayHomeOrderPartial;04/05/2020;11/05/2020
Spain;StayHomeOrderPartial;25/10/2020;NA
Spain;StayHomeRiskG;12/03/2020;NA
Spain;Teleworking;09/03/2020;12/04/2020
Spain;TeleworkingPartial;13/04/2020;NA
Sweden;AdaptationOfWorkplace;08/07/2020;NA
Sweden;AdaptationOfWorkplacePartial;25/03/2020;07/07/2020
Sweden;BanOnAllEvents;14/06/2020;NA
Sweden;ClosHigh;18/03/2020;15/06/2020
Sweden;ClosPubAnyPartial;01/07/2020;NA
Sweden;ClosSec;18/03/2020;15/06/2020
Sweden;ClosSec;07/12/2020;NA
Sweden;ClosSecPartial;23/11/2020;06/12/2020
Sweden;IndoorOver50;28/03/2020;13/06/2020
Sweden;IndoorOver500;12/03/2020;27/03/2020
Sweden;MasksVoluntaryClosedSpacesPartial;07/01/2021;NA
Sweden;MassGather50;28/03/2020;NA
Sweden;MassGatherAll;12/03/2020;NA
Sweden;OutdoorOver50;29/03/2020;13/06/2020
Sweden;PrivateGatheringRestrictions;30/11/2020;NA
Sweden;RestaurantsCafesPartial;01/07/2020;NA
Sweden;StayHomeRiskG;01/04/2020;22/10/2020
Sweden;Teleworking;16/03/2020;NA
Switzerland;AdaptationOfWorkplace;18/01/2021;NA
Switzerland;BanOnAllEvents;20/03/2020;05/06/2020
Switzerland;BanOnAllEvents;18/01/2021;NA
Switzerland;ClosHigh;16/03/2020;11/05/2020
Switzerland;ClosHigh;02/11/2020;NA
Switzerland;ClosPrim;16/03/2020;11/05/2020
Switzerland;ClosPubAny;16/03/2020;10/05/2020
Switzerland;ClosPubAny;18/01/2021;28/02/2021
Switzerland;ClosPubAnyPartial;11/05/2020;06/06/2020
Switzerland;ClosPubAnyPartial;29/10/2020;17/01/2021
Switzerland;ClosPubAnyPartial;01/03/2021;NA
Switzerland;ClosSec;16/03/2020;11/05/2020
Switzerland;EntertainmentVenues;22/12/2020;28/02/2021
Switzerland;EntertainmentVenuesPartial;29/10/2020;21/12/2020
Switzerland;EntertainmentVenuesPartial;01/03/2021;NA
Switzerland;GymsSportsCentres;16/03/2020;10/05/2020
Switzerland;GymsSportsCentres;22/12/2020;NA
Switzerland;GymsSportsCentresPartial;11/05/2020;06/06/2020
Switzerland;IndoorOver100;13/03/2020;19/03/2020
Switzerland;IndoorOver100;06/06/2020;22/06/2020
Switzerland;IndoorOver1000;02/03/2020;12/03/2020
Switzerland;IndoorOver1000;23/06/2020;01/10/2020
Switzerland;IndoorOver50;29/10/2020;17/01/2021
Switzerland;MasksMandatoryAllSpaces;06/07/2020;NA
Switzerland;MasksVoluntaryClosedSpaces;16/03/2020;05/07/2020
Switzerland;MassGather50;20/03/2020;05/06/2020
Switzerland;MassGather50;29/10/2020;NA
Switzerland;MassGatherAll;28/02/2020;01/10/2020
Switzerland;MassGatherAll;29/10/2020;NA
Switzerland;NonEssentialShops;20/03/2020;11/05/2020
Switzerland;NonEssentialShops;18/01/2021;01/03/2021
Switzerland;NonEssentialShopsPartial;11/12/2020;17/01/2021
Switzerland;OutdoorOver100;13/03/2020;19/03/2020
Switzerland;OutdoorOver100;06/06/2020;22/06/2020
Switzerland;OutdoorOver1000;28/02/2020;12/03/2020
Switzerland;OutdoorOver1000;07/07/2020;01/10/2020
Switzerland;OutdoorOver500;23/06/2020;06/07/2020
Switzerland;PrivateGatheringRestrictions;20/03/2020;05/06/2020
Switzerland;PrivateGatheringRestrictions;19/10/2020;NA
Switzerland;RestaurantsCafes;16/03/2020;06/06/2020
Switzerland;RestaurantsCafes;22/12/2020;NA
Switzerland;RestaurantsCafesPartial;29/10/2020;21/12/2020
Switzerland;StayHomeGen;22/12/2020;22/01/2021
Switzerland;StayHomeRiskG;16/03/2020;NA
Switzerland;Teleworking;16/03/2020;17/01/2021
Switzerland;TeleworkingPartial;18/01/2021;NA
United Kingdom;BanOnAllEvents;14/09/2020;01/12/2020
United Kingdom;BanOnAllEvents;05/01/2021;NA
United Kingdom;ClosDaycare;23/03/2020;31/05/2020
United Kingdom;ClosDaycarePartial;01/06/2020;01/09/2020
United Kingdom;ClosHighPartial;05/01/2021;08/03/2021
United Kingdom;ClosPrim;23/03/2020;31/05/2020
United Kingdom;ClosPrimPartial;01/06/2020;01/09/2020
United Kingdom;ClosPrimPartial;05/01/2021;08/03/2021
United Kingdom;ClosPubAny;16/03/2020;30/03/2020
United Kingdom;ClosPubAnyPartial;31/03/2020;NA
United Kingdom;ClosSec;23/03/2020;14/06/2020
United Kingdom;ClosSecPartial;15/06/2020;01/09/2020
United Kingdom;ClosSecPartial;05/01/2021;08/03/2021
United Kingdom;EntertainmentVenues;16/03/2020;02/07/2020
United Kingdom;EntertainmentVenues;05/11/2020;01/12/2020
United Kingdom;EntertainmentVenues;05/01/2021;NA
United Kingdom;EntertainmentVenuesPartial;03/07/2020;07/08/2020
United Kingdom;EntertainmentVenuesPartial;02/12/2020;04/01/2021
United Kingdom;GymsSportsCentres;20/03/2020;12/05/2020
United Kingdom;GymsSportsCentres;05/11/2020;01/12/2020
United Kingdom;GymsSportsCentres;05/01/2021;NA
United Kingdom;GymsSportsCentresPartial;13/05/2020;09/07/2020
United Kingdom;GymsSportsCentresPartial;02/12/2020;04/01/2021
United Kingdom;HotelsOtherAccommodation;24/03/2020;02/07/2020
United Kingdom;HotelsOtherAccommodation;05/01/2021;NA
United Kingdom;HotelsOtherAccommodationPartial;05/11/2020;01/12/2020
United Kingdom;IndoorOver1000;02/12/2020;04/01/2021
United Kingdom;IndoorOver50;04/07/2020;13/09/2020
United Kingdom;MasksMandatoryClosedSpaces;27/07/2020;NA
United Kingdom;MasksVoluntaryClosedSpaces;09/06/2020;26/07/2020
United Kingdom;MassGather50;28/05/2020;01/12/2020
United Kingdom;MassGather50;05/01/2021;NA
United Kingdom;MassGatherAll;28/05/2020;NA
United Kingdom;NonEssentialShops;23/03/2020;09/05/2020
United Kingdom;NonEssentialShops;05/11/2020;01/12/2020
United Kingdom;NonEssentialShops;05/01/2021;NA
United Kingdom;NonEssentialShopsPartial;10/05/2020;12/06/2020
United Kingdom;OutdoorOver1000;02/12/2020;04/01/2021
United Kingdom;OutdoorOver50;28/05/2020;13/09/2020
United Kingdom;PlaceOfWorship;24/03/2020;30/03/2020
United Kingdom;PlaceOfWorshipPartial;31/03/2020;NA
United Kingdom;PrivateGatheringRestrictions;24/03/2020;03/07/2020
United Kingdom;PrivateGatheringRestrictions;09/09/2020;NA
United Kingdom;RegionalStayHomeOrder;23/10/2020;08/11/2020
United Kingdom;RegionalStayHomeOrder;20/12/2020;NA
United Kingdom;RestaurantsCafes;16/03/2020;02/07/2020
United Kingdom;RestaurantsCafes;05/11/2020;01/12/2020
United Kingdom;RestaurantsCafes;05/01/2021;NA
United Kingdom;RestaurantsCafesPartial;24/09/2020;04/11/2020
United Kingdom;RestaurantsCafesPartial;02/12/2020;04/01/2021
United Kingdom;SocialCircle;09/09/2020;NA
United Kingdom;StayHomeGen;16/03/2020;23/03/2020
United Kingdom;StayHomeOrder;24/03/2020;09/05/2020
United Kingdom;StayHomeOrder;05/11/2020;01/12/2020
United Kingdom;StayHomeOrder;05/01/2021;NA
United Kingdom;StayHomeOrderPartial;10/05/2020;04/07/2020
United Kingdom;StayHomeRiskG;16/03/2020;05/07/2020
United Kingdom;StayHomeRiskG;05/11/2020;01/12/2020
United Kingdom;StayHomeRiskG;05/01/2021;NA
United Kingdom;StayHomeRiskGPartial;06/07/2020;01/08/2020
United Kingdom;Teleworking;16/03/2020;NA
